id,domain,status,purchase_price,renewal_price,attractiveness,demand,length,registrar,created_at,expires_at,status_verified_at
402e809c-0ad7-4c82-be64-8173b241c1a8,biased.hockey,available,14.99,77.99,medium,low,6,name.com,,,09/08/2026 18:36
37668d3c-71cc-404d-8881-264d9fef2549,obnoxious.hockey,available,59.99,59.99,medium,low,9,namesilo,,,03/09/2026 23:32
50eb6fc4-ad43-4953-8ff1-cf328fa5c22c,relish.hockey,available,14.99,,high,low,6,name.com,,,
b8d0ab84-da5e-4d98-a031-1f77f8f306c5,lateral.hockey,available,14.99,77.99,high,low,7,name.com,,,22/08/2026 20:34
e2627ecb-9a5f-4b48-b085-5a9482aca8f2,asleep.hockey,available,59.99,59.99,high,low,6,namesilo,,,22/09/2026 09:45
520e7dcd-2e55-4c09-a44e-ba1f0ac3f56c,archetypal.hockey,available,14.99,77.99,high,low,10,name.com,,,06/08/2026 15:32
c24b88ec-2441-4cd7-b371-a4c2c3a4ae35,acerola.hockey,available,59.99,59.99,medium,low,7,namesilo,,,16/09/2026 23:42
ca7ed48b-271c-4548-962d-76fb1bede8dd,depository.hockey,available,62.98,72.98,high,low,10,namecheap,,,24/09/2026 21:58
07d112d1-8d21-4bc4-8d03-57075eae9cf2,alive.hockey,available,59.99,59.99,high,low,5,namesilo,,,22/09/2026 05:04
d773f849-703e-4267-a6ac-b2e834e577cb,aplite.hockey,available,59.99,59.99,medium,low,6,namesilo,,,19/09/2026 17:42
2d6fd7bd-64dd-4bfd-99e8-010e03266b64,magician.hockey,available,62.98,72.98,high,low,8,namecheap,,,24/09/2026 17:20
792e4eb7-d776-4dd2-9766-e07ab78eeb0a,aeolus.hockey,available,62.98,72.98,medium,low,6,namecheap,,,17/09/2026 12:36
b6e8b8fd-bd6f-4ebf-a838-942935abcd08,missing.hockey,available,59.99,59.99,high,low,7,namesilo,,,25/09/2026 16:55
97cbb461-4763-49c0-9520-e9d8e38cb18c,ten.hockey,available,62.98,72.98,high,low,3,namecheap,,,21/09/2026 10:51
b237be8a-9f1f-4d60-995d-00a64d4c8afd,bering.hockey,available,59.99,59.99,high,low,6,namesilo,,,23/09/2026 04:03
3d1968d2-4b38-4072-8dd1-387721cd5da8,pickaback.hockey,available,59.99,59.99,high,low,9,namesilo,,,15/09/2026 19:48
425df5aa-a392-4164-ae40-7aa8e9f7121f,vitamins.hockey,available,59.99,59.99,high,low,8,namesilo,,,19/09/2026 23:20
1650a49e-dc5d-45dd-af2e-617c169a9658,beethoven.hockey,available,62.98,72.98,high,low,9,namecheap,,,23/09/2026 01:53
7a266a64-982c-4560-b15b-aaa5f2467498,sought.hockey,available,59.99,59.99,high,low,6,namesilo,,,10/09/2026 14:41
86c383c0-9012-4dca-90ff-4adfe50fa43a,ser.hockey,available,14.99,,high,low,3,name.com,,,
30c3ba69-146d-407e-8004-0a02964598fe,tutelar.hockey,available,14.99,77.99,high,low,7,name.com,,,13/08/2026 12:23
2c7f7698-0f9d-43eb-aca8-536f35c17b8b,coax.hockey,available,59.99,59.99,high,low,4,namesilo,,,24/09/2026 04:12
fcce8951-ac4b-4773-800c-030b33f5bcab,amerind.hockey,available,14.99,77.99,medium,low,7,name.com,,,
07cb09c9-5b96-48ce-96b5-90f1f5271e7c,unripe.hockey,available,14.99,77.99,medium,low,6,name.com,,,12/09/2026 18:30
ce9c3e64-7fe9-4607-b95c-2d0f5c7aa29d,hangnail.hockey,available,62.98,72.98,medium,low,8,namecheap,,,17/09/2026 18:26
0acde9dd-365c-4a11-be97-2ba071a8d85d,hygienic.hockey,available,14.99,77.99,high,low,8,name.com,,,21/08/2026 16:27
732a4444-01b9-4d38-be2f-7b246c43a499,catarrhine.hockey,available,14.99,77.99,medium,low,10,name.com,,,11/08/2026 21:11
57f76797-841d-43af-96d6-ee1bf08292e0,agents.hockey,available,62.98,72.98,high,medium,6,namecheap,,,24/09/2026 16:49
68bc35e0-4518-4b56-bc8a-bb0c06dd8d29,downside.hockey,available,59.99,59.99,medium,low,8,namesilo,,,24/09/2026 23:40
94ea2404-cf10-4e97-983f-4c5c1245ed80,dermal.hockey,available,14.99,77.99,high,low,6,name.com,,,13/08/2026 13:00
d6871150-373b-4480-b7af-e702f2794a0a,coherently.hockey,available,14.99,,medium,low,10,name.com,,,
2d9647c1-6a13-46e7-a55f-14e9d402c57f,allylic.hockey,available,14.99,77.99,medium,low,7,name.com,,,
aa0d132b-9fc7-4cf6-9dcb-453ede0cb944,organisations.hockey,available,59.99,59.99,medium,low,13,namesilo,,,21/09/2026 01:37
5f7111b9-b936-4cf8-a6fb-333990cd032c,donee.hockey,available,14.99,77.99,medium,low,5,name.com,,,09/08/2026 14:26
1ada324a-fdb9-4e6a-97f6-682baf1ecde9,nocent.hockey,available,62.98,72.98,medium,low,6,namecheap,,,03/09/2026 18:02
936c4085-c937-4c1f-b245-c74a877cfd71,piffle.hockey,available,62.98,72.98,medium,low,6,namecheap,,,21/09/2026 21:41
4d7dc33d-f8fe-4dbb-b396-eaebdc699fe6,antibiotic.hockey,available,59.99,59.99,high,low,10,namesilo,,,22/09/2026 06:14
be364c03-696d-4523-9acc-56d3ba28cee5,waybill.hockey,available,62.98,72.98,medium,low,7,namecheap,,,23/09/2026 16:05
5c90e279-0600-4b8c-81ab-c9e080cbdb64,quintette.hockey,available,62.98,72.98,medium,low,9,namecheap,,,09/09/2026 09:00
a214e8b7-fb08-4768-935e-b4acdf9e8822,gyroplane.hockey,available,62.98,72.98,medium,low,9,namecheap,,,21/09/2026 06:27
6313000c-b742-4572-95e9-62dd681d7f61,admiral.hockey,available,59.99,59.99,high,low,7,namesilo,,,17/09/2026 08:46
1556a2d0-4176-4937-b4ed-d3dd3515d762,weakly.hockey,available,14.99,77.99,medium,low,6,name.com,,,13/08/2026 20:38
84170bb0-6301-498d-8567-ec3b4f2e0a9e,disappointed.hockey,available,14.99,,medium,low,12,name.com,,,
653abbda-a035-43e4-b178-6df582dcac9a,neurotic.hockey,available,59.99,59.99,medium,low,8,namesilo,,,03/09/2026 16:23
5837ea74-2053-4c0c-9f54-cca40d88a12f,skinless.hockey,available,59.99,59.99,medium,low,8,namesilo,,,10/09/2026 09:42
82867f89-ef28-49d5-8440-a67aa2f4f229,aecium.hockey,available,62.98,72.98,medium,low,6,namecheap,,,17/09/2026 12:08
9b55c6a9-748a-4747-918d-3f2a45964e93,loath.hockey,available,14.99,77.99,medium,low,5,name.com,,,24/08/2026 08:17
16965a5d-d810-424d-9187-1272cae4d41d,disrupt.hockey,available,14.99,77.99,high,low,7,name.com,,,13/08/2026 12:40
955fae0d-038b-42ba-bca9-b37a30041c0d,extensive.hockey,available,14.99,77.99,medium,low,9,name.com,,,
124a3ce4-6753-4921-9b44-73077c6843b6,cunning.hockey,available,59.99,59.99,high,low,7,namesilo,,,24/09/2026 01:26
73c16b2b-438a-4a4f-b901-00ecd0e0ed68,trepid.hockey,available,59.99,59.99,medium,low,6,namesilo,,,11/09/2026 16:07
acabb7e1-a2d2-483b-9213-9575c0c4f88f,factorial.hockey,available,14.99,77.99,high,low,9,name.com,,,17/08/2026 20:29
2873def2-dc76-4227-a4d9-89b8dbcb0dec,fain.hockey,available,14.99,77.99,medium,low,4,name.com,,,14/08/2026 12:05
6c8b1ee6-3879-410a-9301-5138552a297e,crotch.hockey,available,59.99,59.99,medium,low,6,namesilo,,,24/09/2026 19:42
a70dfb0c-9d3e-428e-b6e8-2d80c640f5e0,dawson.hockey,available,59.99,59.99,high,low,6,namesilo,,,25/09/2026 04:48
49b00c40-aae4-408f-b199-00255b23b984,tref.hockey,available,59.99,59.99,medium,low,4,namesilo,,,03/09/2026 19:37
7244d047-69c9-448b-b781-a6c29793ae63,leader.hockey,available,14.99,,high,low,6,name.com,,,
36d63d3c-9420-4176-a685-2c67cecc549e,elusive.hockey,available,14.99,77.99,high,low,7,name.com,,,08/08/2026 08:07
ac081f6e-1a0f-4e6a-8cf6-1d945e00ef75,afghan.hockey,available,14.99,77.99,high,low,6,name.com,,,
a97e8937-0a3c-49b5-b3de-bc17d88e9dc6,dominican.hockey,available,14.99,77.99,high,low,9,name.com,,,14/08/2026 15:44
5d7c5a60-33b7-4716-9066-2fa45c4cf09f,nescience.hockey,available,59.99,59.99,medium,low,9,namesilo,,,12/09/2026 14:26
9055568d-91ff-4e59-8d39-f9b0162822c9,auburn.hockey,available,59.99,59.99,high,low,6,namesilo,,,22/09/2026 12:02
5133a5f1-e586-4f23-8660-dfb4c6002ef2,civilised.hockey,available,14.99,77.99,high,low,9,name.com,,,12/08/2026 09:08
966a3b14-ba01-4a4c-9d04-a0909c0cd324,khaki.hockey,available,14.99,77.99,high,low,5,name.com,,,22/08/2026 15:47
3245bc45-9725-4ad3-811f-642bfb391a62,ann.hockey,available,14.99,,high,low,3,name.com,,,
0dbb073f-3db6-4582-a6d2-77df7c0a4deb,childhood.hockey,available,14.99,,high,low,9,name.com,,,
9da8b212-0f5c-49c2-89c4-ced99e9a6cfe,actinic.hockey,available,14.99,77.99,medium,low,7,name.com,,,
388b699e-e269-4b79-8643-1fbcaaa3e526,crumpled.hockey,available,14.99,77.99,medium,low,8,name.com,,,13/08/2026 09:06
b610eb78-e419-40c5-a92c-e06d97f6b4a4,sportsperson.hockey,available,59.99,59.99,high,low,12,namesilo,,,16/09/2026 08:58
a11aa22c-b738-49a3-8b26-567a3e8fb6e5,unplug.hockey,available,14.99,,high,low,6,name.com,,,
2a94cb60-3f7c-41a7-abb4-88bbff6f4364,unranked.hockey,available,59.99,59.99,medium,low,8,namesilo,,,12/09/2026 17:44
f970c10e-fcec-4179-8506-c373f3a54788,sot.hockey,available,14.99,77.99,medium,low,3,name.com,,,14/08/2026 20:22
ba5dcb0e-4ba3-434b-afa6-38768a6a96f4,doped.hockey,available,14.99,77.99,medium,low,5,name.com,,,14/08/2026 15:59
71ec1927-1a66-4023-bd40-e23be15ca277,basketry.hockey,available,59.99,59.99,medium,low,8,namesilo,,,22/09/2026 11:28
02510ab7-e15c-4f5e-9a4a-479c0000c2aa,windsor.hockey,available,14.99,,high,low,7,name.com,,,
8b906798-8563-4c14-a27f-78999504babb,heading.hockey,available,59.99,59.99,high,low,7,namesilo,,,25/09/2026 07:40
7b42c5c4-1a43-45b2-a7cb-977f82996728,birdwatch.hockey,available,62.98,72.98,high,low,9,namecheap,,,23/09/2026 19:35
aa7529ea-042b-44dc-a53b-a31693df1b81,catholic.hockey,available,14.99,77.99,high,low,8,name.com,,,11/08/2026 22:01
9938292f-107a-4a9a-84b8-ea2e44f53a59,mods.hockey,available,14.99,,high,low,4,name.com,,,
b1a0624d-8a98-4e52-9e6d-4295a599fe52,arrester.hockey,available,59.99,59.99,high,low,8,namesilo,,,20/09/2026 09:09
ddebb96e-a58d-44d9-a1e1-f866185e8afd,barrels.hockey,available,62.98,72.98,high,low,7,namecheap,,,22/09/2026 08:23
0c8039cf-7a57-41d9-b351-b2368f825ce2,pbs.hockey,available,59.99,59.99,high,low,3,namesilo,,,25/09/2026 09:49
be6bce33-c8b2-4521-8ce3-8fe27bf7d341,boringly.hockey,available,59.99,59.99,medium,low,8,namesilo,,,14/09/2026 01:08
f3fad343-e77a-4cda-954d-fe987b7b498e,uptown.hockey,available,14.99,77.99,high,low,6,name.com,,,12/09/2026 23:28
505a3238-1036-4aba-837c-1c08e4f8169b,coplanar.hockey,available,14.99,77.99,medium,low,8,name.com,,,13/08/2026 00:32
fd862465-8d65-4052-b8c2-4e225ecd7bc8,resinlike.hockey,available,59.99,59.99,medium,low,9,namesilo,,,09/09/2026 15:11
b99e3f4a-a0d4-42cc-9504-be2f23376097,stubbornly.hockey,available,59.99,59.99,medium,low,10,namesilo,,,14/09/2026 10:12
1cc91d6c-fcf7-4226-9c3b-1bad3b473980,damnable.hockey,available,14.99,77.99,medium,low,8,name.com,,,13/08/2026 16:29
5eb6a47e-55e0-49ef-88e9-2feec4f0a415,ascesis.hockey,available,62.98,72.98,high,low,7,namecheap,,,20/09/2026 13:10
0ab8d666-bd64-42ea-9242-ed88f0fca300,sporadic.hockey,available,59.99,59.99,medium,low,8,namesilo,,,10/09/2026 16:29
4d793de1-4e07-40b2-a960-e3de7fb2c932,sticky.hockey,available,14.99,77.99,high,low,6,name.com,,,16/08/2026 07:55
83e6dbc5-14e0-40cd-9970-af8a64ab2944,biochemist.hockey,available,59.99,59.99,high,low,10,namesilo,,,23/09/2026 17:44
9bbf092a-7a83-47ed-a481-cb808e00777c,indocile.hockey,available,14.99,77.99,medium,low,8,name.com,,,22/08/2026 03:18
553d3edb-7814-468d-9146-8f02bd29354c,gym.hockey,available,14.99,,high,low,3,name.com,,,
ce4482c4-1129-4389-af5c-9589af851611,heated.hockey,available,14.99,77.99,high,low,6,name.com,,,21/08/2026 02:17
dbb2d38a-fd67-4d6d-af8b-04b37644eb32,marbled.hockey,available,14.99,77.99,medium,low,7,name.com,,,24/08/2026 15:47
26eaebb6-de25-4876-b9e7-08c58901a6bb,anomaly.hockey,available,62.98,72.98,high,low,7,namecheap,,,19/09/2026 11:28
edc380cc-d452-48a5-9ef3-c58169999460,away.hockey,available,59.99,59.99,high,low,4,namesilo,,,22/09/2026 14:52
ca51041b-79df-4d91-a312-70e97a27191f,blocked.hockey,available,59.99,59.99,high,low,7,namesilo,,,22/09/2026 22:08
84bbccd0-d487-4c7f-bbb3-d9c63301a052,profitably.hockey,available,62.98,72.98,high,low,10,namecheap,,,14/09/2026 20:29
23cef755-06ec-42d6-8391-cb0e65c85da3,mikey.hockey,available,14.99,,high,low,5,name.com,,,
e385358d-0396-47be-89dc-b53a65e9b56c,compliant.hockey,available,59.99,59.99,high,low,9,namesilo,,,23/09/2026 17:44
c4dc5360-08e7-4bea-b871-9f7c19939e77,stung.hockey,available,14.99,77.99,medium,low,5,name.com,,,
ee15c870-0261-4c3d-8b40-ee819f523f8f,chimerical.hockey,available,14.99,77.99,medium,low,10,name.com,,,12/08/2026 05:38
9696268d-324e-4e3e-8b8c-b2e5b7481433,cathartic.hockey,available,14.99,77.99,high,low,9,name.com,,,05/08/2026 22:20
423b1dce-71a8-4184-a587-c06c294d50ce,muck.hockey,available,59.99,59.99,medium,low,4,namesilo,,,25/09/2026 00:13
36ae8086-4abb-4987-9a22-139a8a20e998,talky.hockey,available,14.99,77.99,high,low,5,name.com,,,12/08/2026 03:24
8fd51201-9b60-4fcd-95ac-58c72e91bc77,evidence.hockey,available,14.99,77.99,high,low,8,name.com,,,24/08/2026 15:05
5b6e46b3-998e-4c81-b472-7686e5dfa4d6,asat.hockey,available,14.99,77.99,medium,low,4,name.com,,,05/08/2026 19:31
d613dcbb-e258-4f7e-b865-70dc86968291,stealthily.hockey,available,62.98,72.98,medium,low,10,namecheap,,,16/09/2026 06:59
717ed37c-9bd2-45d7-8704-8115f0cd1aad,mechanism.hockey,available,62.98,72.98,high,low,9,namecheap,,,24/09/2026 14:15
2207320e-ab37-4317-b006-c27ceef44200,hoop.hockey,available,14.99,77.99,high,low,4,name.com,,,22/09/2026 11:23
cbe576b2-9c30-4278-b49b-c563b7388fca,eleventh.hockey,available,14.99,77.99,high,low,8,name.com,,,
726c42c9-40da-4a8c-b7a2-00a6b0468c8d,taiwan.hockey,available,,,high,high,6,,,,
58c218bc-4eab-47c0-934a-fee4c7a256d2,tenth.hockey,available,59.99,59.99,high,low,5,namesilo,,,21/09/2026 11:17
5882c757-c58a-427d-829c-478b6681dd1f,backless.hockey,available,14.99,77.99,medium,low,8,name.com,,,08/08/2026 05:48
4576072f-6e60-4b93-b0dc-3859f1ea095d,credence.hockey,available,59.99,59.99,high,low,8,namesilo,,,16/09/2026 21:59
16efb0c9-dd28-4a61-89eb-601ea0fbb332,alluring.hockey,available,59.99,59.99,high,low,8,namesilo,,,22/09/2026 01:34
8c34078c-34bc-492d-8f7d-c0b2a394b7da,peiping.hockey,available,62.98,72.98,medium,low,7,namecheap,,,23/09/2026 04:16
c96451c4-44c2-4357-b33d-03b4401f4ae7,disjoined.hockey,available,14.99,77.99,medium,low,9,name.com,,,14/08/2026 11:07
f6059491-4d8f-445d-80d8-8e84e73af5aa,cannes.hockey,available,62.98,72.98,high,low,6,namecheap,,,24/09/2026 12:04
2c567443-d685-46a8-99f7-83fd477013ac,spicebush.hockey,available,62.98,72.98,medium,low,9,namecheap,,,18/09/2026 20:40
47bb559a-f933-47b6-8582-0611f1541db8,toughened.hockey,available,59.99,59.99,medium,low,9,namesilo,,,11/09/2026 10:54
2c884eab-41a8-431d-a1a1-858c589b70ed,aliens.hockey,available,62.98,72.98,high,low,6,namecheap,,,19/09/2026 19:25
be9f6334-d879-4714-9642-25c52a632766,bandstand.hockey,available,62.98,72.98,high,low,9,namecheap,,,22/09/2026 01:32
122603e4-59ea-4d47-8b4d-23e422f4e2fe,acropolis.hockey,available,59.99,59.99,high,low,9,namesilo,,,17/09/2026 03:57
996f1753-d090-4707-99d4-ee1765dbda17,counterfeits.hockey,available,62.98,72.98,low,low,12,namecheap,,,19/09/2026 21:40
53b89976-74d3-4678-9dd9-f54b522a9450,allayer.hockey,available,62.98,72.98,medium,low,7,namecheap,,,18/09/2026 09:59
e0362380-2529-45bc-ab71-9df62cb1040a,squarish.hockey,available,59.99,59.99,medium,low,8,namesilo,,,10/09/2026 17:29
e3cfa0ab-5594-4924-8b46-c4bfca9a1956,paleozoic.hockey,available,59.99,59.99,high,low,9,namesilo,,,04/09/2026 23:39
cee67c51-a837-4c39-9edd-f44496d355f1,kin.hockey,available,14.99,77.99,high,low,3,name.com,,,22/08/2026 16:00
3dc8f556-21b4-4266-b34d-25e662f8ad14,apanage.hockey,available,59.99,59.99,medium,low,7,namesilo,,,19/09/2026 16:12
8452a7b2-6035-4f99-9189-2dc9eb7d1c40,axile.hockey,available,14.99,77.99,high,low,5,name.com,,,08/08/2026 01:56
8fdaa218-7463-4ed5-a751-e61734589686,extreme.hockey,premium,118.8,118.8,high,low,7,namesilo,,,04/09/2026 04:46
16d64245-6184-4ff0-a375-ace5a93cdc87,soprano.hockey,available,59.99,59.99,high,low,7,namesilo,,,10/09/2026 14:24
2d1d7ffe-a30b-4411-ba17-1e3726edea39,banned.hockey,available,14.99,77.99,medium,low,6,name.com,,,08/08/2026 13:44
d15b5670-c874-4d9f-a4ac-60dbb16464e5,angevin.hockey,available,62.98,72.98,high,low,7,namecheap,,,19/09/2026 06:06
ef13cc3d-883b-4bab-8da8-4e84600fbbd0,improve.hockey,available,14.99,,high,low,7,name.com,,,
a9514f56-f8d1-4784-a059-70a63e2e16ef,unmerited.hockey,available,59.99,59.99,medium,low,9,namesilo,,,12/09/2026 15:37
6002c37d-dccb-4612-bd81-375da48033f4,cucumber.hockey,available,14.99,,high,low,8,name.com,,,
70b6dd09-bc2a-4667-988c-d204a9b98723,pusher.hockey,available,59.99,59.99,high,low,6,namesilo,,,21/09/2026 13:22
126528b5-9abc-45d4-bbd2-e4e216da7e0f,risque.hockey,available,14.99,77.99,medium,low,6,name.com,,,18/08/2026 20:02
4644b926-d081-462e-8032-ecbbbaaf072e,sedentary.hockey,available,59.99,59.99,medium,low,9,namesilo,,,10/09/2026 01:36
6ac68183-19ba-4893-929f-18dbbbd0249e,sotho.hockey,available,59.99,59.99,high,low,5,namesilo,,,10/09/2026 14:39
8bf5a22c-7711-40cb-a7d5-bbeeb5c52857,archimedes.hockey,available,62.98,72.98,medium,low,10,namecheap,,,20/09/2026 02:08
69134364-a4e1-470a-99b4-b886613ca70f,formosan.hockey,available,14.99,77.99,high,low,8,name.com,,,18/08/2026 12:16
c73be7e9-1b5a-4007-b61b-0b968e4469c1,poetically.hockey,available,62.98,72.98,high,low,10,namecheap,,,15/09/2026 20:51
5641fae6-75bd-4f7d-80f6-da981dffaec5,jonah.hockey,available,62.98,72.98,high,low,5,namecheap,,,24/09/2026 06:55
73feb0f8-adf0-4453-94c7-446f45dc3e10,copyright.hockey,available,62.98,72.98,high,low,9,namecheap,,,24/09/2026 18:10
0260beef-7903-406d-b5df-30586f537f13,arundo.hockey,available,59.99,59.99,medium,low,6,namesilo,,,20/09/2026 12:25
cd5132a0-467e-4eca-b4e1-e5951e8d29c5,mary.hockey,available,59.99,59.99,high,low,4,namesilo,,,24/09/2026 06:05
b51454f2-bc12-4713-acc1-db4b5d3f6b0f,nottingham.hockey,available,59.99,59.99,high,low,10,namesilo,,,26/09/2026 00:49
11147ead-729b-4e34-a0cc-faae967117d7,answered.hockey,available,59.99,59.99,high,low,8,namesilo,,,25/09/2026 16:54
93efd100-ec6f-4ca0-bc42-68dd03c92008,readably.hockey,available,59.99,59.99,medium,low,8,namesilo,,,14/09/2026 11:08
cf2f28b9-29e8-4548-90fc-da54ede1aba6,bagging.hockey,available,62.98,72.98,medium,low,7,namecheap,,,21/09/2026 18:06
47c9651f-4cf5-433c-92cc-612ec51cc262,dig.hockey,available,59.99,59.99,high,low,3,namesilo,,,24/09/2026 23:51
c942e97d-674e-48f2-b9d6-99187d13e1d3,perceptual.hockey,available,14.99,77.99,high,low,10,name.com,,,08/09/2026 16:15
eaae8061-accb-49a3-953a-425326063cd9,bereaved.hockey,available,14.99,77.99,medium,low,8,name.com,,,09/08/2026 15:03
76da2b16-d682-4cdf-9cab-540c97fadb61,horse.hockey,resell,,,high,low,5,,,,24/09/2026 13:18
bfa98918-9570-41a4-a64b-8c92f79867bd,jelly.hockey,available,14.99,,high,low,5,name.com,,,
d4f2561f-72ac-4f0b-a57d-81fd3faf4c68,dehydrate.hockey,available,14.99,77.99,medium,low,9,name.com,,,14/08/2026 03:38
e468d01f-7fe3-4809-8a74-1a04237b2e37,conditions.hockey,available,14.99,,high,low,10,name.com,,,
894a72ff-6b26-44f8-a0d5-4d91a36ebc67,punctuate.hockey,available,62.98,72.98,high,low,9,namecheap,,,16/09/2026 21:54
8feab836-58b1-41ed-b11a-571c14e30aae,parenting.hockey,available,14.99,,high,low,9,name.com,,,
b63041ab-600c-4e08-9ff5-2ec91debf73f,properly.hockey,available,14.99,77.99,high,low,8,name.com,,,13/08/2026 21:12
d93b1b6f-463b-4bc3-924c-858e73145687,epical.hockey,available,14.99,77.99,high,low,6,name.com,,,17/08/2026 10:29
c676eb9a-6558-4ffb-b5cf-2d4d3842116d,titus.hockey,available,59.99,59.99,high,low,5,namesilo,,,25/09/2026 05:37
88ce138e-b94f-4859-a0e3-ac5e8b026213,profane.hockey,available,14.99,77.99,high,low,7,name.com,,,10/08/2026 13:22
3cbb80e3-83e0-4e4e-a9d4-c66cebbd17c6,diva.hockey,available,14.99,,high,low,4,name.com,,,
6c18c5d8-3df5-4c70-97f5-3d28280b21fc,promotes.hockey,available,59.99,59.99,medium,low,8,namesilo,,,16/09/2026 11:54
a0c8b0c5-40c8-4aa1-a237-8e166e45e83b,schools.hockey,available,59.99,59.99,high,low,7,namesilo,,,24/09/2026 00:37
ee768066-9b69-47d3-998d-068580dfbbb2,niece.hockey,available,14.99,,high,low,5,name.com,,,
76a912e8-64e2-402a-9424-dd0218e2ba45,identical.hockey,available,59.99,59.99,high,low,9,namesilo,,,25/09/2026 07:23
a0f2072a-0049-4be8-b3b4-54755ca48c9a,charles.hockey,available,14.99,,high,low,7,name.com,,,
cf7247dc-e11c-4aad-ac75-27def648cee0,honeymooning.hockey,available,14.99,77.99,high,low,12,name.com,,,21/09/2026 06:04
874427c6-4f39-47c4-bc13-9f6d3d0354c2,ghastly.hockey,available,14.99,77.99,medium,low,7,name.com,,,12/08/2026 02:39
57cd5ba9-b30f-4d04-b029-c84ec8c30768,dizzy.hockey,available,14.99,77.99,high,low,5,name.com,,,
0e868782-d276-435a-ae6b-36ebce845b50,bureaucrat.hockey,available,59.99,59.99,high,low,10,namesilo,,,17/09/2026 08:44
f48a0c3f-c813-47f5-9d3c-0501e9c39442,acquire.hockey,available,59.99,59.99,high,low,7,namesilo,,,25/09/2026 03:22
a71c53b8-73d6-454b-9f85-56655e5e7f2f,lowborn.hockey,available,14.99,77.99,medium,low,7,name.com,,,24/08/2026 10:44
8d3341e3-2b6b-4648-a5f6-14e779401240,breathing.hockey,available,14.99,77.99,high,low,9,name.com,,,11/08/2026 03:18
d034e66a-1e34-4c99-9ac5-1ed1ffaad433,tabby.hockey,available,59.99,59.99,high,low,5,namesilo,,,23/09/2026 09:31
b2dfcb32-b99a-47dc-bb59-b88d99442263,intellect.hockey,available,14.99,77.99,high,low,9,name.com,,,22/08/2026 07:54
07e34c8e-17d3-45ee-82f3-d8536d10a082,dozens.hockey,available,59.99,59.99,high,low,6,namesilo,,,14/09/2026 23:20
2a81bb0d-8714-4749-9c3a-b69b016c3409,rules.hockey,available,14.99,,high,low,5,name.com,,,
fb4d671b-aaa5-418b-bc73-94ecd526e979,alright.hockey,available,59.99,59.99,high,low,7,namesilo,,,22/09/2026 01:15
0ef5ff2c-a530-4cb0-b6f1-9d40355e4500,dickhead.hockey,available,14.99,77.99,medium,low,8,name.com,,,08/08/2026 23:34
8243528e-e44c-44b4-ba42-34fad5e5abf8,edental.hockey,available,59.99,59.99,medium,low,7,namesilo,,,08/09/2026 15:42
1b0cda19-93fa-4989-947c-ef9d5f7a4cd1,story.hockey,available,59.99,59.99,high,medium,5,namesilo,,,25/09/2026 22:53
ed927bfe-c91d-4111-a3cf-29c1e69d3bc9,gibbous.hockey,available,14.99,77.99,medium,low,7,name.com,,,13/08/2026 07:44
75c6c2f0-704e-4586-819c-eabb76059003,untreated.hockey,available,59.99,59.99,medium,low,9,namesilo,,,12/09/2026 21:44
23d676a1-5218-4ea9-812e-542c662456f3,pyretic.hockey,available,59.99,59.99,medium,low,7,namesilo,,,09/09/2026 07:03
7b810799-6a16-420a-8af4-d99ec0a8a6d6,coercive.hockey,available,14.99,77.99,medium,low,8,name.com,,,12/08/2026 15:24
a389bf62-c674-48ff-a6a2-4ebd870b7e9c,adoring.hockey,available,59.99,59.99,high,low,7,namesilo,,,21/09/2026 19:41
95a7ade3-04b2-4e21-aa6f-cf63405d176d,attenuate.hockey,available,14.99,77.99,medium,low,9,name.com,,,07/08/2026 15:21
b501f244-e0fd-4ab6-8795-677d85e7a8b6,queenlike.hockey,available,59.99,59.99,medium,low,9,namesilo,,,09/09/2026 07:54
c3b04e29-6525-42f5-8be6-60ae1a07348c,magnus.hockey,available,59.99,59.99,high,low,6,namesilo,,,25/09/2026 14:03
c9b51708-766b-41c6-98d0-00b4f9c60088,included.hockey,available,14.99,77.99,high,low,8,name.com,,,22/08/2026 01:33
712f3687-7c4c-4e9c-85d1-96170f622ce3,hercules.hockey,available,14.99,,high,low,8,name.com,,,
af2fe673-4c63-4897-bed8-6387e9eeab17,diseased.hockey,available,14.99,77.99,medium,low,8,name.com,,,14/08/2026 10:08
274a047d-d93a-4e1b-ac1b-8033bc721885,appointed.hockey,available,14.99,77.99,high,low,9,name.com,,,06/08/2026 07:21
33ddd225-f408-45de-8267-898b0d5a87b0,cooking.hockey,available,59.99,59.99,high,low,7,namesilo,,,08/09/2026 08:19
a0550d7e-6caf-4440-8578-e1688ad9368a,subsidiaries.hockey,available,59.99,59.99,medium,low,12,namesilo,,,20/09/2026 06:35
ae9f40ec-4000-4f49-b7d6-89d9a5972124,sterilised.hockey,available,62.98,72.98,medium,low,10,namecheap,,,10/09/2026 20:13
2e3a5dad-8770-4f29-9d8b-d86784c17413,capsulize.hockey,available,14.99,77.99,medium,low,9,name.com,,,11/08/2026 18:15
e2366bcb-4672-4a70-9ed3-2a1b14d5adea,aqualung.hockey,available,59.99,59.99,high,low,8,namesilo,,,19/09/2026 22:54
47a70de0-4283-45b5-96dd-4c69387f3d0a,cords.hockey,available,62.98,72.98,medium,low,5,namecheap,,,24/09/2026 18:14
d3fff689-4cc9-45d0-ae64-36d5a3ef02ff,windflower.hockey,available,59.99,59.99,high,low,10,namesilo,,,19/09/2026 05:19
4e07c1ac-06cd-4a18-b33c-4a2700f82364,honeymoons.hockey,available,59.99,59.99,medium,low,10,namesilo,,,20/09/2026 01:32
9915de66-1fde-43ff-ab4e-23d535f9ff20,alep.hockey,available,59.99,59.99,medium,low,4,namesilo,,,18/09/2026 05:14
d7955a7f-36f9-4545-ab89-406ce1ea20fd,brackish.hockey,available,14.99,77.99,medium,low,8,name.com,,,11/08/2026 00:43
8a51629a-c7c0-468a-9c74-4c5af98f45ac,muted.hockey,available,14.99,77.99,high,low,5,name.com,,,21/08/2026 15:56
ff718bcf-e3a7-448b-a929-ba985fca1537,stroke.hockey,available,14.99,,high,low,6,name.com,,,
0c39f759-d63b-4a93-b97c-f09e89674f09,attack.hockey,available,59.99,59.99,high,low,6,namesilo,,,23/09/2026 17:14
ff7b31f1-f052-418d-a1ac-df3f52579a62,run.hockey,available,59.99,59.99,high,medium,3,namesilo,,,19/09/2026 07:07
db3620f5-41e6-4968-a9d6-1fedf5d0ca50,admissible.hockey,available,14.99,77.99,high,low,10,name.com,,,
f4c2f9c8-2c4b-4e0a-b379-d4bfe3809d2e,blissful.hockey,available,14.99,77.99,high,low,8,name.com,,,10/08/2026 14:33
4425560d-8c9e-433d-b2f2-aca860a6f3a4,hierarchic.hockey,available,14.99,77.99,medium,low,10,name.com,,,21/08/2026 08:20
c9dd2479-19e3-4125-88b9-00ca7ca60a93,hint.hockey,available,59.99,59.99,high,low,4,namesilo,,,24/09/2026 16:07
20d3a96b-5f05-4821-9d2c-e72a726d7b07,undoubtedly.hockey,available,14.99,,high,low,11,name.com,,,
5787b2d0-b3dc-4b91-88cb-4db8cc59fde4,hoy.hockey,available,59.99,59.99,high,low,3,namesilo,,,22/09/2026 05:42
0fe571a1-70c6-40b3-8144-912f2d3d587b,colorless.hockey,available,14.99,77.99,medium,low,9,name.com,,,12/08/2026 17:53
b996853e-4637-4cc4-a877-117b98aae8ff,unlogical.hockey,available,14.99,77.99,low,low,9,name.com,,,21/08/2026 20:07
b486408e-4439-412c-bdba-77afa260bb95,noachian.hockey,available,62.98,72.98,medium,low,8,namecheap,,,03/09/2026 17:58
24e003c9-ca4e-45a3-91f2-5b6ef630a4f2,homes.hockey,available,62.98,72.98,high,low,5,namecheap,,,18/09/2026 16:52
b352456a-0832-41f4-9c82-a2fc7d49c5a8,saddening.hockey,available,14.99,,medium,low,9,name.com,,,
82954844-758f-489c-bd24-e341af11a658,frenzy.hockey,available,59.99,59.99,high,low,6,namesilo,,,24/09/2026 21:40
aee49f98-5dc7-4886-abcf-86c15038da19,elect.hockey,available,14.99,77.99,high,low,5,name.com,,,16/08/2026 02:30
b471a517-9afb-4d0d-bf84-e221ad3c3b3a,formalized.hockey,available,14.99,77.99,high,low,10,name.com,,,18/08/2026 12:03
22ff21f5-fc81-4917-82f1-0383ff399540,royally.hockey,available,59.99,59.99,medium,low,7,namesilo,,,15/09/2026 12:01
df7f5765-0e6e-478a-acca-80703bd80de3,bja.hockey,available,62.98,72.98,medium,low,3,namecheap,,,23/09/2026 23:24
4b88e81d-6cb6-458b-9ca7-9b04a042ee48,assessor.hockey,available,59.99,59.99,high,low,8,namesilo,,,20/09/2026 16:19
e613f8c9-ac6b-4d72-9505-e8aa0eaf3532,derivative.hockey,available,14.99,77.99,high,low,10,name.com,,,14/08/2026 03:01
3e3ee33d-7556-4197-9f05-c561be80477e,bandleader.hockey,available,59.99,59.99,high,low,10,namesilo,,,22/09/2026 01:25
cdefe03a-95f4-4379-8444-fe75999a304a,phonologic.hockey,available,62.98,72.98,medium,low,10,namecheap,,,08/09/2026 19:14
748b4db6-fd24-40fd-9b5b-32d8d1da7687,dripless.hockey,available,14.99,77.99,medium,low,8,name.com,,,14/08/2026 19:31
72a469f2-90ec-4237-b80c-0084d130b916,aluminium.hockey,available,59.99,59.99,high,low,9,namesilo,,,18/09/2026 00:20
6d9115e8-b87f-4c83-b877-f83dda7e11c2,neoliberal.hockey,available,59.99,59.99,high,low,10,namesilo,,,03/09/2026 15:23
e4ae12b7-7fc8-466f-bfbb-5b9f9173472b,somehow.hockey,available,14.99,,high,low,7,name.com,,,
6932a5da-c4fc-42f2-8af0-9568ec20e7ea,epic.hockey,available,59.99,59.99,high,medium,4,namesilo,,,24/09/2026 14:28
9c34157e-c98c-482a-96cb-fa2aa77faec3,ravaged.hockey,available,14.99,77.99,medium,low,7,name.com,,,14/08/2026 04:29
d19872d6-1745-49a1-bd1b-468c0aeea1a8,mediatory.hockey,available,14.99,77.99,medium,low,9,name.com,,,24/08/2026 18:55
bc476cbe-f659-4a56-92ba-85a3eb089c87,ssr.hockey,available,59.99,59.99,high,low,3,namesilo,,,25/09/2026 12:03
1cbe1100-b3ad-454e-9947-1efba6634fc5,autobahn.hockey,available,59.99,59.99,high,low,8,namesilo,,,21/09/2026 05:50
1d5eac74-ca5f-4dc0-8361-8f3ef6442a7f,pointless.hockey,available,59.99,59.99,medium,low,9,namesilo,,,26/09/2026 03:12
d9163c5d-f121-4207-b685-97a6248db18d,angiogram.hockey,available,59.99,59.99,medium,low,9,namesilo,,,19/09/2026 06:13
bd643754-5e1a-4eb0-9e43-1ef81b84f149,danceable.hockey,available,14.99,77.99,high,low,9,name.com,,,13/08/2026 16:59
35e2f688-9178-4263-a4ea-92fa70298495,barrette.hockey,available,59.99,59.99,medium,low,8,namesilo,,,22/09/2026 08:28
c4f2aa31-d61b-45f8-8598-b311c430c662,thud.hockey,available,59.99,59.99,high,low,4,namesilo,,,11/09/2026 15:12
f9ba6d26-0e45-4062-9e6f-6d49eb428e53,whore.hockey,available,14.99,77.99,high,low,5,name.com,,,13/08/2026 14:16
a9782721-8a21-402a-95c8-8f5b293ebe07,bicycle.hockey,available,14.99,,high,low,7,name.com,,,
1444e281-53d7-4fe2-8bc7-268aa388fa04,evaluate.hockey,available,14.99,,high,low,8,name.com,,,
b9537d69-e928-453d-9342-96cf5b3a52b5,chalkboards.hockey,available,59.99,59.99,low,low,11,namesilo,,,19/09/2026 23:25
91a58f3d-f05f-4b19-8c25-6830ed882230,uncoiled.hockey,available,59.99,59.99,medium,low,8,namesilo,,,12/09/2026 05:44
20ed4a36-1cfa-48a8-b620-1812cc00797a,nervous.hockey,available,62.98,72.98,medium,low,7,namecheap,,,21/09/2026 22:02
d38bd50c-eaa3-40a0-a8c6-bed8bcb2031b,vesica.hockey,available,62.98,72.98,medium,low,6,namecheap,,,24/09/2026 03:27
65a4f343-08b7-4744-9292-d80a21360d02,scant.hockey,available,59.99,59.99,medium,low,5,namesilo,,,09/09/2026 22:36
ce78812f-b5db-4fb7-8ff8-ce1813366dd6,meter.hockey,available,59.99,59.99,high,low,5,namesilo,,,25/09/2026 15:55
3465b2cf-ced4-4ac1-a5c3-b675968a0701,sparkly.hockey,available,14.99,77.99,high,low,7,name.com,,,
14f41a73-652e-4484-98ab-7a4eca20e659,cashier.hockey,available,59.99,59.99,high,low,7,namesilo,,,22/09/2026 02:24
c280947e-e574-4d96-978d-2396dfc1dbb3,leathery.hockey,available,14.99,77.99,high,low,8,name.com,,,13/08/2026 01:13
c6156e57-c88f-4882-a9e9-64d8f35c7a6a,arroba.hockey,available,62.98,72.98,medium,low,6,namecheap,,,20/09/2026 09:18
d1b4bcdf-960b-4a65-902b-bfcca564244d,harmsworth.hockey,available,59.99,59.99,high,low,10,namesilo,,,18/09/2026 06:27
2391d294-83e5-404d-8d3c-3284ba9e1d7d,agricola.hockey,available,62.98,72.98,high,low,8,namecheap,,,17/09/2026 19:19
efd4c633-671b-40be-a8b5-011641c933ab,echt.hockey,available,14.99,77.99,high,low,4,name.com,,,14/08/2026 23:41
5da52aeb-8f22-4c29-9960-d8bd7e447f61,garfish.hockey,available,59.99,59.99,medium,low,7,namesilo,,,23/09/2026 16:11
de233a28-1c1f-4f57-ae3f-bada1751200e,ultimately.hockey,available,14.99,,high,low,10,name.com,,,
74bb0139-c9d4-4199-86ac-047e0e55a710,baldr.hockey,available,62.98,72.98,medium,low,5,namecheap,,,21/09/2026 21:35
567deb79-dff8-48ea-af9f-d8e6a126cdd1,duracell.hockey,available,14.99,,high,low,8,name.com,,,
7476fd46-3054-46ac-afc6-8cd28b21e139,galactic.hockey,available,14.99,77.99,high,low,8,name.com,,,18/08/2026 19:35
269e01cc-9eee-4089-b4d0-1f0987191498,thereafter.hockey,available,59.99,59.99,high,low,10,namesilo,,,16/09/2026 08:38
39c4fd12-ca1d-4f1a-b413-a418f8ac5657,endocrinal.hockey,available,14.99,77.99,medium,low,10,name.com,,,17/08/2026 01:02
7b81437c-4a1e-4f8f-baa4-da272972bdce,inward.hockey,available,14.99,77.99,high,low,6,name.com,,,21/08/2026 23:34
099a918c-1265-4e9f-bb5f-47ab4842cb8a,unrelated.hockey,available,62.98,72.98,medium,low,9,namecheap,,,12/09/2026 18:04
32db1ed2-533b-4b31-84c0-a37e75880d24,buttonlike.hockey,available,14.99,77.99,medium,low,10,name.com,,,09/08/2026 03:39
555b03c9-e4b3-4406-a47f-9a4c965310c8,bushwhack.hockey,available,59.99,59.99,high,low,9,namesilo,,,18/09/2026 17:32
afe786f9-4c30-4d7f-a203-e098209776f7,bilimbi.hockey,available,62.98,72.98,medium,low,7,namecheap,,,21/09/2026 09:13
ee11096f-8bf9-457c-b07f-54972ffeaaa0,boldly.hockey,available,59.99,59.99,high,low,6,namesilo,,,14/09/2026 00:53
c6902daa-b35c-4e25-906a-9e90439e0bf8,catkinate.hockey,available,14.99,77.99,medium,low,9,name.com,,,11/08/2026 22:09
b96fcaaa-397e-4e94-988f-e8ae855c95fb,pukka.hockey,available,59.99,59.99,medium,low,5,namesilo,,,09/09/2026 05:24
1c64d520-9c59-4c1c-9705-9f4414a95310,attosecond.hockey,available,59.99,59.99,medium,low,10,namesilo,,,21/09/2026 02:11
3ef9c205-4e54-4d91-a5a6-75e9948a3c9e,stop.hockey,available,59.99,59.99,high,low,4,namesilo,,,24/09/2026 23:23
68f6e777-0dae-4788-82ca-8db2d2073d1c,dumbbell.hockey,available,59.99,59.99,high,low,8,namesilo,,,24/09/2026 06:44
fc08f3a1-62e1-4a5a-9313-fa62cfdaa8a1,sorrel.hockey,available,14.99,77.99,medium,low,6,name.com,,,11/08/2026 06:31
3a1f1585-72db-4d1b-bb44-15c0e5481786,alfresco.hockey,available,14.99,77.99,high,low,8,name.com,,,
33ddd978-9574-45b7-90a9-4b4cb00fa4cb,investor.hockey,available,14.99,,high,medium,8,name.com,,,
82eaf2a9-42fd-4367-833e-e1790e1421e0,zarqa.hockey,available,59.99,59.99,high,low,5,namesilo,,,21/09/2026 10:58
2e74bc9b-88fb-4856-ad5c-05ef5ae8feb0,savoury.hockey,available,14.99,77.99,high,low,7,name.com,,,25/08/2026 08:52
65b38496-bead-462e-9156-9abb2107c4fb,aardvark.hockey,available,59.99,59.99,high,low,8,namesilo,,,16/09/2026 13:21
94270378-e966-4863-ac73-046b1e5c6699,passionate.hockey,available,14.99,,high,low,10,name.com,,,
07df5d8c-e5d4-4f41-b623-9f59bb32682a,andrena.hockey,available,59.99,59.99,medium,low,7,namesilo,,,19/09/2026 04:31
0ff39037-0deb-4d63-a8c2-d38dd6720765,audiotape.hockey,available,59.99,59.99,high,low,9,namesilo,,,21/09/2026 03:01
801c0622-2beb-4938-9e95-46c00e668822,navarino.hockey,available,59.99,59.99,medium,low,8,namesilo,,,22/09/2026 15:32
8956542c-5a31-4dee-8ea9-46f034d1c7ce,stress.hockey,available,14.99,,high,low,6,name.com,,,
a49be78e-5f43-4770-a127-925c804264b5,binet.hockey,available,59.99,59.99,medium,low,5,namesilo,,,18/09/2026 06:25
c090bdbb-dd04-457a-842c-366083973ada,changeless.hockey,available,14.99,77.99,medium,low,10,name.com,,,12/08/2026 01:58
80655914-1ae8-40a8-875d-b59e42ba3734,aeneid.hockey,available,62.98,72.98,medium,low,6,namecheap,,,17/09/2026 12:28
89e384a9-b24c-49f9-8ad8-a664390ccef0,untaped.hockey,available,59.99,59.99,medium,low,7,namesilo,,,12/09/2026 10:16
5923970f-6a4e-4b8e-b710-9745142fddf8,forged.hockey,available,14.99,77.99,high,low,6,name.com,,,18/08/2026 11:54
7c9f6748-dfa7-44b1-ae55-79ddddf090bd,sniff.hockey,available,14.99,,high,low,5,name.com,,,
a311c12f-dcad-4914-9ba7-e5d3dac1892f,cloudberry.hockey,available,62.98,72.98,medium,low,10,namecheap,,,21/09/2026 20:03
a785a48a-f840-4b6d-9d73-7484dcc309cf,notifies.hockey,available,59.99,59.99,medium,low,8,namesilo,,,18/09/2026 08:35
90e29195-1cca-4ef0-b8c2-77fd48117753,dip.hockey,available,59.99,59.99,high,low,3,namesilo,,,24/09/2026 10:33
b20291cd-82ab-480b-856b-d6ddc37621ba,stations.hockey,available,14.99,,high,low,8,name.com,,,
5e5255de-51ce-4ad3-82f6-9b7eaa34c18c,liable.hockey,available,14.99,,high,low,6,name.com,,,
24ee4c4d-243b-4344-86bd-90d24f5c4d50,stack.hockey,available,14.99,77.99,high,medium,5,name.com,,,25/08/2026 00:45
b0292d40-d610-4036-a01d-90275ae5670c,pluperfect.hockey,available,59.99,59.99,medium,low,10,namesilo,,,08/09/2026 22:00
72328339-f344-4ccb-a3d4-09c26964d925,way.hockey,available,14.99,,high,low,3,name.com,,,
29a57178-1ddc-4ab6-a226-29574f0db3e4,adulterate.hockey,available,14.99,77.99,medium,low,10,name.com,,,
bc499971-d258-472f-b289-5664d3216453,solely.hockey,available,14.99,77.99,high,low,6,name.com,,,
aa073b14-5016-47c5-8694-0a8ece85c012,writing.hockey,available,14.99,,high,low,7,name.com,,,
c6ca71bd-c9d0-4498-8492-db341f745b1c,aurorean.hockey,available,14.99,77.99,medium,low,8,name.com,,,07/08/2026 18:12
f276fa92-3eb3-428a-b381-589582a0bc9e,mayer.hockey,available,59.99,59.99,high,low,5,namesilo,,,25/09/2026 09:10
9535a772-f9d5-49f1-8a4f-532df1545a19,bede.hockey,available,59.99,59.99,high,low,4,namesilo,,,21/09/2026 17:17
003a305e-4097-4630-b735-091ebb388df9,recipe.hockey,available,14.99,,high,low,6,name.com,,,
c6cc5583-c88f-46c7-b155-d68af5168b33,acetabular.hockey,available,14.99,77.99,medium,low,10,name.com,,,
b5421d2a-8c14-43f4-91a8-c8fcce1cac25,abeyant.hockey,available,14.99,77.99,medium,low,7,name.com,,,
f37ac48a-1f49-4e05-9c0c-51eda206c922,uncovering.hockey,available,59.99,59.99,medium,low,10,namesilo,,,22/09/2026 06:00
c6a9f94a-0b73-4137-b591-a18e14d0b792,oozing.hockey,available,59.99,59.99,medium,low,6,namesilo,,,04/09/2026 15:28
6cbd18fb-61e9-46f6-857e-2cd153002a50,suppose.hockey,available,14.99,,high,low,7,name.com,,,
5352d450-e038-4070-9ff0-b55330dc2c0c,reasoning.hockey,available,59.99,59.99,high,low,9,namesilo,,,09/09/2026 11:10
8a779467-dcc6-4221-a9f8-d688953a0507,curtis.hockey,available,62.98,72.98,high,low,6,namecheap,,,25/09/2026 04:28
1c602f84-4107-473b-bc0c-73bc39632941,disturbing.hockey,available,14.99,77.99,medium,low,10,name.com,,,14/08/2026 13:16
19620d16-81c1-4d3b-9b41-bcc7b57b5733,pregnant.hockey,available,62.98,72.98,high,low,8,namecheap,,,25/09/2026 18:23
30a06870-2a58-47e0-8674-0732564435ad,fatso.hockey,available,14.99,77.99,medium,low,5,name.com,,,17/08/2026 23:54
e33f1a9c-88d8-4438-ba1a-110f81cea8ef,aikido.hockey,available,62.98,72.98,high,low,6,namecheap,,,17/09/2026 21:02
23950eb5-4173-4901-a008-86ecaf5bf913,syntactic.hockey,available,59.99,59.99,high,low,9,namesilo,,,11/09/2026 06:39
7beeb8de-d47f-4f37-b393-0866d2de09f1,rustle.hockey,available,59.99,59.99,high,low,6,namesilo,,,13/09/2026 11:37
6aee914e-13bf-464a-b2a2-398c37b7fb69,import.hockey,available,62.98,72.98,high,low,6,namecheap,,,25/09/2026 18:33
6cf77735-8a4c-4ef0-b953-1bebc0c0c3d8,accessible.hockey,available,59.99,59.99,high,low,10,namesilo,,,21/09/2026 15:38
d3c1482d-2b51-477e-9b05-dd2c701eb63e,ashcan.hockey,available,59.99,59.99,medium,low,6,namesilo,,,20/09/2026 13:35
0b57e9f2-eb3d-412c-a460-5aa9fe91a436,unpopular.hockey,available,59.99,59.99,medium,low,9,namesilo,,,12/09/2026 17:11
30137049-e163-498e-bcb5-735f9eea226f,tantrik.hockey,available,59.99,59.99,high,low,7,namesilo,,,11/09/2026 08:07
a84c4a36-8f30-48ac-8b1f-0c165f205fee,rightish.hockey,available,59.99,59.99,medium,low,8,namesilo,,,09/09/2026 17:35
a506ebc1-9457-4559-a0ce-7ba89c819951,vegan.hockey,available,14.99,,high,medium,5,name.com,,,
8a7539b2-7337-4f59-bb3c-c959385a78df,uncanny.hockey,available,14.99,77.99,high,low,7,name.com,,,16/08/2026 02:23
7fe50b1c-6761-485d-ae19-66eac3506afc,afford.hockey,available,59.99,59.99,high,low,6,namesilo,,,25/09/2026 11:07
76c6eca0-f65f-4efe-b96b-c8d44d07a5d6,distantly.hockey,available,59.99,59.99,medium,low,9,namesilo,,,14/09/2026 13:17
5546753b-f74a-4010-b1bf-f3093b127a71,proustian.hockey,available,59.99,59.99,medium,low,9,namesilo,,,09/09/2026 04:22
96dc7ee4-b473-47d8-8e1b-aab8fa5df853,defeated.hockey,available,14.99,77.99,medium,low,8,name.com,,,13/08/2026 23:04
7a2555eb-9c15-4673-b522-6043460951f8,variable.hockey,available,14.99,,high,low,8,name.com,,,
73a336fc-fee3-491b-a1a0-caa7ed7df814,provision.hockey,available,14.99,,high,low,9,name.com,,,
31cc6ef7-e396-4ca2-ad7a-e267fca743b3,range.hockey,available,14.99,,high,low,5,name.com,,,
6751ec92-fb5a-4c83-88b9-21b310dbf9a4,stieglitz.hockey,available,59.99,59.99,medium,low,9,namesilo,,,18/09/2026 06:45
6970fdce-2fe1-4135-bf5d-06a8fb3d723a,currawong.hockey,available,59.99,59.99,high,low,9,namesilo,,,23/09/2026 05:33
58d037a8-065f-4433-86c6-b639bb00ca74,molding.hockey,available,59.99,59.99,high,low,7,namesilo,,,24/09/2026 15:24
c0d0de68-5688-473a-bb9d-6834ed21e4de,amati.hockey,available,59.99,59.99,high,low,5,namesilo,,,18/09/2026 16:09
6614d383-e67c-4599-bf4f-198852bd282c,alerting.hockey,available,59.99,59.99,high,low,8,namesilo,,,18/09/2026 05:27
f81494f3-617f-49da-afe8-60c24996f9ea,indentured.hockey,available,14.99,77.99,medium,low,10,name.com,,,06/08/2026 08:34
d1ac5d13-56f6-4556-9781-25f6b474e7f1,rimless.hockey,available,59.99,59.99,medium,low,7,namesilo,,,09/09/2026 17:43
a147fdee-db2c-4999-9f3a-fb3134ba5e50,thrown.hockey,available,14.99,,medium,low,6,name.com,,,
83649139-1d0a-4b38-b559-768df39ae2cc,nether.hockey,available,14.99,77.99,high,low,6,name.com,,,12/08/2026 07:29
e60ade24-f09a-4f44-88ad-af374c7909dc,observed.hockey,available,62.98,72.98,high,low,8,namecheap,,,22/09/2026 09:25
4ed88427-3a22-4140-81a0-75726c2c3f55,quaternary.hockey,available,14.99,77.99,medium,low,10,name.com,,,
d84c7945-bd18-4e79-b36d-fa936819637f,abila.hockey,available,59.99,59.99,medium,low,5,namesilo,,,16/09/2026 15:52
0c85d7f4-1970-4942-8f39-9375695689d1,problem.hockey,available,14.99,,high,low,7,name.com,,,
ab5e4457-99de-4049-81e0-5a75b7762563,dose.hockey,available,14.99,,high,low,4,name.com,,,
7606314c-a524-439a-8e7b-0406e848afc9,massages.hockey,available,59.99,59.99,medium,low,8,namesilo,,,20/09/2026 09:22
82394e12-8bec-4b32-8ae0-5bbc9712b327,ionian.hockey,available,14.99,77.99,high,low,6,name.com,,,22/08/2026 09:28
8f845307-0e7f-46db-89d3-5ae49e1cb0b5,threescore.hockey,available,14.99,77.99,high,low,10,name.com,,,
6bfbc737-d046-42f3-9ab9-8333eed42a34,sickly.hockey,available,14.99,77.99,high,low,6,name.com,,,
9e041766-0ca5-4816-b8f8-55a9f3c91f5b,tonic.hockey,available,59.99,59.99,high,low,5,namesilo,,,19/09/2026 16:01
d1f4c3f2-e0e7-49f0-b97c-d29ab66d6ada,underage.hockey,available,59.99,59.99,medium,low,8,namesilo,,,03/09/2026 18:43
30ccd193-f3db-41c7-a141-5348cfafc00e,fear.hockey,available,62.98,72.98,high,low,4,namecheap,,,24/09/2026 12:06
a9fa7965-aa42-4743-96db-73a7fec0d68f,larghetto.hockey,available,14.99,77.99,medium,low,9,name.com,,,22/08/2026 19:57
7db97374-5315-4bf9-8d62-37c4dfe021bb,vote.hockey,available,14.99,,high,low,4,name.com,,,
58bfd274-a935-42ef-b8d8-4795fd6e37f2,backstairs.hockey,available,14.99,77.99,medium,low,10,name.com,,,08/08/2026 06:26
ae92fc97-1970-4583-b527-016df0277192,uveous.hockey,available,59.99,59.99,low,low,6,namesilo,,,13/09/2026 00:24
cfdeda7a-3639-4107-8d15-8edf18d682b4,corresponding.hockey,available,14.99,,high,low,13,name.com,,,
322f1129-6b8c-49b4-9b01-ab2313090371,belloc.hockey,available,59.99,59.99,medium,low,6,namesilo,,,23/09/2026 06:16
9e22c484-a0c8-404b-8eb0-4f5aea0ae7e8,endwise.hockey,available,59.99,59.99,medium,low,7,namesilo,,,14/09/2026 15:37
c6d48a63-46cb-4ece-9085-aa2534c052eb,flow.hockey,available,62.98,72.98,high,high,4,namecheap,,,24/09/2026 20:11
3b19395c-4883-47a3-892c-5b1f12c8d77e,negotiation.hockey,available,62.98,72.98,high,low,11,namecheap,,,25/09/2026 19:20
953e4615-466a-40cb-a487-540abfab5256,labeled.hockey,available,14.99,77.99,high,low,7,name.com,,,22/08/2026 17:13
60c143a8-0e37-406c-b929-91bdb564bbac,divided.hockey,available,14.99,77.99,medium,low,7,name.com,,,14/08/2026 13:42
5e3a965d-bd21-4fa4-a0b3-c726a39e4804,fiscal.hockey,available,59.99,59.99,high,low,6,namesilo,,,19/09/2026 10:22
f0112ff2-6c43-4ece-95f3-ef07dd35b7c1,weaned.hockey,available,59.99,59.99,medium,low,6,namesilo,,,13/09/2026 08:53
ec5c7f5f-d96f-4c77-a713-41402d3d382a,purely.hockey,available,59.99,59.99,high,low,6,namesilo,,,15/09/2026 22:05
bc1b2142-cc99-4de2-b289-acdcee9959f8,drawer.hockey,available,59.99,59.99,high,low,6,namesilo,,,24/09/2026 23:56
15417e85-95d5-4deb-9c59-0c9a9388f17f,fabulously.hockey,available,59.99,59.99,high,low,10,namesilo,,,14/09/2026 17:19
c9af5881-93fa-4b7b-a922-2bc533c259f9,larboard.hockey,available,14.99,77.99,medium,low,8,name.com,,,22/08/2026 19:51
39a82b36-133e-4662-b7eb-12688579f890,hated.hockey,available,14.99,77.99,medium,low,5,name.com,,,14/08/2026 04:14
0f3f2d1a-03f7-435f-b1bc-54bbffaee67f,earhart.hockey,available,62.98,72.98,medium,low,7,namecheap,,,18/09/2026 18:17
57e2175c-f1c8-4f96-9ad8-e974630c8906,cleared.hockey,available,59.99,59.99,high,low,7,namesilo,,,21/09/2026 14:48
7a28b989-8122-4c5c-87bd-0e324ed6f073,blooded.hockey,available,14.99,77.99,high,low,7,name.com,,,10/08/2026 15:18
ff393afa-764e-464b-8ffd-b9e81cf8eb42,periodic.hockey,available,59.99,59.99,high,low,8,namesilo,,,08/09/2026 17:11
15e30aef-6465-48a8-b05e-bad3947e6d51,newton.hockey,available,14.99,,high,low,6,name.com,,,
f38698f4-0c86-43e1-894e-874e6d8ddc5f,goodly.hockey,available,14.99,77.99,high,low,6,name.com,,,20/08/2026 16:36
348d7bc7-06ca-48c9-b209-efec1eb0dc14,diplomatic.hockey,available,59.99,59.99,high,low,10,namesilo,,,24/09/2026 10:36
3d10c177-33c8-4742-87ac-00e073dcfb10,aligned.hockey,available,14.99,77.99,high,low,7,name.com,,,
affad589-cdf3-4ed4-8791-c77ae114de62,subarctic.hockey,available,59.99,59.99,medium,low,9,namesilo,,,10/09/2026 23:36
baf3e5f8-3086-439b-bd56-f5418ad6dda4,napkins.hockey,available,59.99,59.99,medium,low,7,namesilo,,,21/09/2026 05:52
b85b65fd-9a45-402a-b7fa-9eae3e4b40e3,out.hockey,available,59.99,59.99,high,low,3,namesilo,,,25/09/2026 17:35
f65a8781-9c7e-4df3-8eae-7edb59a7cb98,blacksnake.hockey,available,59.99,59.99,medium,low,10,namesilo,,,24/09/2026 01:28
87b5038f-da12-4924-88b2-03b09de9bcb5,ads.hockey,available,14.99,,high,medium,3,name.com,,,
d9f0e62c-7792-49fc-88de-4baba12436ef,jehovah.hockey,available,14.99,77.99,high,low,7,name.com,,,
8cc54221-686a-43b6-8840-1119c0ac6b5e,subliminal.hockey,available,59.99,59.99,high,low,10,namesilo,,,11/09/2026 00:08
7d428ca5-fc14-4351-a6b0-20f54ee64dd1,bawbee.hockey,available,59.99,59.99,medium,low,6,namesilo,,,22/09/2026 16:46
62a24acd-ef3a-4d4e-b6ff-c8b1677cc655,segregated.hockey,available,59.99,59.99,medium,low,10,namesilo,,,10/09/2026 01:51
3dbf827e-4247-4ce0-a9ce-eba636c9206a,parental.hockey,available,59.99,59.99,high,low,8,namesilo,,,08/09/2026 01:14
6836a8f5-d4b4-42a4-9bbc-84b2f068c0c2,legged.hockey,available,14.99,77.99,high,low,6,name.com,,,22/08/2026 22:55
a6f95279-d82a-4ee6-996f-cb7d1aa8afc0,labial.hockey,available,14.99,77.99,medium,low,6,name.com,,,22/08/2026 17:19
61907dfa-6aa5-4d8f-be1a-40bf051163f2,mouths.hockey,available,59.99,59.99,medium,low,6,namesilo,,,18/09/2026 08:01
cbd942b5-fd9c-427e-8857-8edd44d53e21,patients.hockey,available,62.98,72.98,high,low,8,namecheap,,,25/09/2026 21:13
46bb0bd4-465e-4f0c-b79b-c23f2ad9bf0d,unselected.hockey,available,62.98,72.98,medium,low,10,namecheap,,,12/09/2026 19:14
3ab7f8d8-4d9a-4b33-b0cf-183a7b646bb5,bennington.hockey,available,59.99,59.99,high,low,10,namesilo,,,23/09/2026 08:33
f72fcbb1-cf51-4093-ab73-f0b3afefbbd1,triclinic.hockey,available,14.99,77.99,medium,low,9,name.com,,,
5dd222cc-e098-4083-bd7a-fd94ae829f1f,cane.hockey,available,14.99,,high,low,4,name.com,,,
2fc0ac94-f22c-473b-bec3-8835356beb8f,undersea.hockey,available,59.99,59.99,high,low,8,namesilo,,,11/09/2026 00:18
f7723425-91a9-4f7e-abef-b9b28d87c4b4,blackfly.hockey,available,59.99,59.99,medium,low,8,namesilo,,,19/09/2026 17:06
37398a56-f0a3-4357-928f-3861fbff921f,rusty.hockey,available,14.99,77.99,high,low,5,name.com,,,04/09/2026 18:46
4b0d8551-bc45-4996-bc6f-3ab9a38f60a7,pastor.hockey,available,62.98,72.98,high,low,6,namecheap,,,24/09/2026 20:20
5a9123ed-46b9-442c-8292-ae29891fe70c,classical.hockey,available,14.99,77.99,high,low,9,name.com,,,12/08/2026 09:42
1497f456-d4f7-46cf-8dec-ba58169a6658,sterilized.hockey,available,62.98,72.98,medium,low,10,namecheap,,,10/09/2026 20:11
b88e2e6a-7db3-4636-9e30-d5c8e4a4a4f1,coming.hockey,available,59.99,59.99,high,low,6,namesilo,,,23/09/2026 15:31
28b6cae8-1309-4806-b30e-e2d84b7eb396,executed.hockey,available,14.99,77.99,high,low,8,name.com,,,17/08/2026 16:55
2f08af97-0db8-47bc-b116-7c27bcd2487a,attachable.hockey,available,14.99,77.99,medium,low,10,name.com,,,07/08/2026 15:36
8e5399e2-81fe-4fc7-81c9-69cb87212cc1,witnesses.hockey,available,62.98,72.98,medium,low,9,namecheap,,,25/09/2026 18:59
6d0a043a-8232-41e0-a460-c26f2d03f0d0,fruitful.hockey,available,14.99,77.99,high,low,8,name.com,,,18/08/2026 17:02
f77cc532-2bbb-4650-aaa9-9a8f07968687,prostate.hockey,available,59.99,59.99,high,low,8,namesilo,,,09/09/2026 03:47
613f384a-e674-4422-8e7f-48d7dc105dd4,aorist.hockey,available,59.99,59.99,medium,low,6,namesilo,,,19/09/2026 16:03
ef017945-4574-47e0-b104-9faf12bec926,crummy.hockey,available,14.99,77.99,medium,low,6,name.com,,,11/08/2026 09:02
1bc8a135-e4f6-4728-8c34-960b94afd4bd,summertime.hockey,available,59.99,59.99,high,low,11,namesilo,,,18/09/2026 00:39
3dd88c95-0341-4e70-93c7-77d9e7f21715,degrading.hockey,available,14.99,77.99,medium,low,9,name.com,,,13/08/2026 20:10
3f0a26be-1613-4931-95a8-3ff6c493e661,graduate.hockey,available,14.99,77.99,high,low,8,name.com,,,20/08/2026 17:51
1aff4c7a-a613-44c3-b297-4550bbd787c8,mistrust.hockey,available,59.99,59.99,high,low,8,namesilo,,,24/09/2026 23:12
7ee181a9-45cf-4e6f-86a8-a4dced598e93,sashay.hockey,available,59.99,59.99,medium,low,6,namesilo,,,11/09/2026 05:14
323c80b0-7ffb-465b-a905-e44b20fa80ac,roughneck.hockey,available,14.99,77.99,medium,low,9,name.com,,,11/08/2026 08:43
9995d741-d2ad-4ca1-9ae2-d69b16e8a14b,narratives.hockey,available,59.99,59.99,medium,low,10,namesilo,,,20/09/2026 10:13
a532c2f7-fa77-4805-8162-b6b888cb37fe,generals.hockey,available,59.99,59.99,medium,low,8,namesilo,,,18/09/2026 06:44
94a48fb5-e3f8-45b8-af50-5e769c4216f1,franks.hockey,available,14.99,,high,low,6,name.com,,,
f1c727fa-82b2-4813-afde-4c7a1c45af13,swimsuit.hockey,available,59.99,59.99,high,low,8,namesilo,,,22/09/2026 13:37
b76e1f62-468e-4fdc-b845-1e9e85ceb65d,basics.hockey,available,14.99,,high,low,6,name.com,,,
1d633ba0-601d-4285-baaf-6f1b4159357c,unselfish.hockey,available,62.98,72.98,high,low,9,namecheap,,,12/09/2026 19:16
b5c196e1-75a2-4928-b03b-4b82e68be894,desirable.hockey,available,14.99,77.99,high,low,9,name.com,,,14/08/2026 03:47
ed6f27cd-281d-45be-b2b5-d47e6cb6f88a,ventured.hockey,available,62.98,72.98,medium,low,8,namecheap,,,25/09/2026 06:03
1af1d7f5-949b-452e-9a5c-033c9282bb3d,sparkles.hockey,available,62.98,72.98,high,low,8,namecheap,,,20/09/2026 19:19
4ec1f2fb-3edc-4b32-bfa5-aa010b1ee60b,conduit.hockey,available,59.99,59.99,high,low,7,namesilo,,,24/09/2026 17:11
fd1e4a25-d36b-4a32-8a06-877564927d18,galvanic.hockey,available,14.99,77.99,high,low,8,name.com,,,18/08/2026 19:44
1b33cc12-52db-438a-87be-1a58a58357d0,expects.hockey,available,59.99,59.99,medium,low,7,namesilo,,,20/09/2026 01:39
2ef8e2c4-d7be-474d-8d61-308534974780,redemption.hockey,available,14.99,,high,low,10,name.com,,,
4f8ab905-c484-455a-9472-707269dc6215,flop.hockey,available,59.99,59.99,high,low,4,namesilo,,,23/09/2026 12:03
99231ec6-db95-430e-a1eb-423fc38fd29d,mason.hockey,available,59.99,59.99,high,low,5,namesilo,,,16/09/2026 12:59
dd4d372d-7e78-45f4-9f2a-47c4638d3a0f,wisdoms.hockey,available,59.99,59.99,medium,low,7,namesilo,,,21/09/2026 10:19
e77e9e3c-599d-4816-891e-a3768cee777f,administration.hockey,available,59.99,59.99,high,low,14,namesilo,,,25/09/2026 12:34
8ba1b7a5-3e58-4b02-bb1b-7bc8360049b6,catholicism.hockey,available,59.99,59.99,high,low,11,namesilo,,,17/09/2026 00:07
ddf13241-2cda-4a43-9343-15a825062e6d,artiste.hockey,available,59.99,59.99,high,low,7,namesilo,,,20/09/2026 11:55
d1a135c1-1ab6-4ccc-800b-7244cb3b3c1a,luanda.hockey,available,62.98,72.98,medium,low,6,namecheap,,,19/09/2026 06:58
3063712d-5ae8-4c90-b534-8a6304754143,abele.hockey,available,59.99,59.99,medium,low,5,namesilo,,,16/09/2026 15:02
0ab1e54b-f054-4a08-807e-8c2a986001e6,heretical.hockey,available,14.99,77.99,medium,low,9,name.com,,,14/08/2026 12:35
95ebc136-b556-4f13-affd-84b2121485c0,celtic.hockey,available,14.99,77.99,high,low,6,name.com,,,11/08/2026 23:38
f12c6b16-617e-4791-974e-2d8941039876,belted.hockey,available,14.99,77.99,medium,low,6,name.com,,,09/08/2026 14:02
d6f3f92b-8273-4935-8683-dac02b2d07f1,disused.hockey,available,14.99,77.99,medium,low,7,name.com,,,14/08/2026 13:28
0e551b4a-8ee7-4d96-bc4a-dc1ada752056,offline.hockey,available,59.99,59.99,high,medium,8,namesilo,,,04/09/2026 01:13
a54c902d-86a8-4b2b-b394-8dade710d1ec,eyewitness.hockey,available,14.99,,high,low,10,name.com,,,
c7c5eb70-7bad-4987-9171-b29eb7a1339a,childly.hockey,available,14.99,77.99,medium,low,7,name.com,,,12/08/2026 05:14
7a855b0b-f295-4799-b28d-3d8d2adf91a5,companion.hockey,available,59.99,59.99,high,low,9,namesilo,,,24/09/2026 16:40
483b58ce-f697-45c4-a9a5-2846a9318bda,offering.hockey,available,59.99,59.99,high,low,8,namesilo,,,25/09/2026 09:37
380e399d-c960-4969-b809-84596d419f0b,shifting.hockey,available,14.99,,high,low,8,name.com,,,
4e2e2296-0a89-4662-aa08-b43aca4d3416,sum.hockey,available,59.99,59.99,high,low,3,namesilo,,,21/09/2026 22:52
5eead169-5834-40f3-a1a4-2c9490f67939,nan.hockey,available,14.99,,high,low,3,name.com,,,
1f167ac4-e589-42a8-b3a4-3c0b5852756f,uprightly.hockey,available,59.99,59.99,medium,low,9,namesilo,,,15/09/2026 01:06
2ef32b62-d9cc-4ce0-9efc-8082e0e1292f,falter.hockey,available,14.99,77.99,high,low,6,name.com,,,17/08/2026 21:39
50f64692-c3ca-470e-a457-c2aa14453b68,twine.hockey,available,14.99,,medium,low,5,name.com,,,
9b3e3df5-2292-449b-9acc-3cdccee644b2,ambassador.hockey,available,62.98,72.98,high,low,10,namecheap,,,18/09/2026 16:26
c6a36d32-22d5-43d6-8178-dce066bbb9d2,slyly.hockey,available,59.99,59.99,medium,low,5,namesilo,,,14/09/2026 09:08
38fae651-1439-4687-8b9b-ed70cf51052a,skyway.hockey,available,59.99,59.99,high,low,6,namesilo,,,17/09/2026 22:32
19cdb6bf-29a1-41e3-ad05-accaf82fa57d,sculptured.hockey,available,14.99,77.99,high,low,10,name.com,,,20/08/2026 18:52
766c951d-6cd1-4f13-a918-5c1b6a7599d9,homoerotic.hockey,available,14.99,77.99,medium,low,10,name.com,,,21/08/2026 12:51
0f1e4ae0-aabf-4d81-8f9b-a08ad5d4a4f6,appointee.hockey,available,59.99,59.99,medium,low,9,namesilo,,,19/09/2026 21:58
a738cadf-afa1-46a2-9590-52d6e0cc408f,mythical.hockey,available,59.99,59.99,high,low,8,namesilo,,,03/09/2026 12:31
466752fe-d680-404e-99fe-b045733b8eae,helmet.hockey,available,59.99,59.99,high,low,6,namesilo,,,25/09/2026 23:05
d79b478b-f283-4b63-be65-059561d20782,vicenary.hockey,available,59.99,59.99,medium,low,8,namesilo,,,13/09/2026 05:21
256f1a14-d8ce-4834-bd98-c65fb334aa97,lifeless.hockey,available,14.99,77.99,medium,low,8,name.com,,,17/08/2026 15:52
fbbeaa18-5ccc-404c-bea4-92180480980a,elementary.hockey,available,14.99,77.99,high,low,10,name.com,,,16/08/2026 03:31
39d7816f-a724-4d39-b732-97ef3efdd46a,save.hockey,available,14.99,,high,low,4,name.com,,,
efc1ae13-5a99-43d6-ad51-70faa65da393,shanny.hockey,available,59.99,59.99,medium,low,6,namesilo,,,24/09/2026 05:59
c2ee1f7b-61f7-4d90-b1b2-ee5ba889f93a,bulky.hockey,available,59.99,59.99,medium,low,5,namesilo,,,23/09/2026 10:36
d9c553a2-3290-4e77-8d7d-78eee88c4ad0,balsamic.hockey,available,59.99,59.99,high,low,8,namesilo,,,22/09/2026 16:34
31f3e2d1-8253-4871-a6b9-22a1e5935133,vendors.hockey,available,59.99,59.99,medium,low,7,namesilo,,,20/09/2026 22:00
acb4d351-05ca-49c7-95b6-8ae77f786ab9,diluted.hockey,available,14.99,77.99,medium,low,7,name.com,,,14/08/2026 07:45
a0016dee-7045-4d4a-b39d-e640090c3655,arity.hockey,available,59.99,59.99,medium,low,5,namesilo,,,20/09/2026 06:02
8d014b0c-d606-4d30-b22f-43d81f518c47,joint.hockey,available,59.99,59.99,high,low,5,namesilo,,,22/09/2026 08:50
1fce0feb-5d10-4bd7-a055-cf0018d4b76b,calculations.hockey,available,59.99,59.99,medium,low,12,namesilo,,,17/09/2026 02:07
e33c408e-8ebb-4fbc-9d92-e2a0f3182623,nth.hockey,available,59.99,59.99,medium,low,3,namesilo,,,03/09/2026 12:35
314771b5-70ae-4d67-9622-2152a93a782e,demo.hockey,available,14.99,,high,medium,4,name.com,,,
94734b46-f3d7-4f85-a0e8-7ea267496549,hey.hockey,available,14.99,,high,medium,3,name.com,,,
97bc9711-227d-415a-bc65-0fb3242dd93a,muntjac.hockey,available,59.99,59.99,medium,low,7,namesilo,,,22/09/2026 06:28
bd0000f0-4cbe-492e-919f-e78ef02b98c7,anasarca.hockey,available,62.98,72.98,medium,low,8,namecheap,,,19/09/2026 03:14
5908cd34-1e77-4582-920d-93e87a201fe3,ardeidae.hockey,available,59.99,59.99,medium,low,8,namesilo,,,20/09/2026 03:06
8b7ab899-3358-4893-8fa5-5b07cd949f62,accountant.hockey,available,62.98,72.98,high,low,10,namecheap,,,16/09/2026 23:11
bd9eaea5-12a7-4e8b-976b-a02748f6e0b9,rounder.hockey,available,14.99,77.99,high,low,7,name.com,,,23/08/2026 00:51
f1fe2964-7810-47d2-8a96-06da9d2c2201,steiner.hockey,available,59.99,59.99,high,low,7,namesilo,,,25/09/2026 10:28
448d388b-8446-4e8a-b520-0a2f1901eef9,automated.hockey,available,59.99,59.99,high,low,9,namesilo,,,22/09/2026 13:58
bab52a61-c3b7-44b6-b236-45164b7b032d,monacan.hockey,available,14.99,77.99,medium,low,7,name.com,,,25/08/2026 04:01
48430daf-8bea-4be3-9dd7-29f3a0f7c943,trent.hockey,available,62.98,72.98,high,low,5,namecheap,,,25/09/2026 10:26
69f2ac54-4b1e-413d-9fe8-bb38a1934526,powell.hockey,available,62.98,72.98,high,low,6,namecheap,,,25/09/2026 04:09
108a7e84-35c1-4e8c-bacc-9f3b883138d2,strongly.hockey,available,14.99,,high,low,8,name.com,,,
efec1113-1ccc-437c-a003-4e192fececa8,shave.hockey,available,59.99,59.99,high,low,5,namesilo,,,08/09/2026 20:41
22c00e1a-9915-4402-9b72-f99320f8a273,paint.hockey,available,14.99,,high,low,5,name.com,,,
d4bce933-98dd-44a6-9568-77a24ad6c517,blond.hockey,available,59.99,59.99,high,low,5,namesilo,,,22/09/2026 22:15
98ee6246-c857-4204-aa12-855f8da6bb0c,barefaced.hockey,available,14.99,77.99,medium,low,9,name.com,,,08/08/2026 09:20
f37bbfac-7cd6-4067-87dc-689d8465da87,boisterous.hockey,available,14.99,77.99,high,low,10,name.com,,,10/08/2026 17:38
d2c020f9-a09a-48f0-99d1-d26ac9140821,reasonable.hockey,available,59.99,59.99,high,low,10,namesilo,,,24/09/2026 16:20
27191725-6495-4a60-a78b-34c574bb24e0,stargazer.hockey,available,62.98,72.98,high,low,9,namecheap,,,20/09/2026 18:07
55e3d83a-28b7-48ba-9817-c476faf83e33,arcuate.hockey,available,14.99,77.99,medium,low,7,name.com,,,06/08/2026 14:49
32dfb29e-d2f5-4e34-bfc1-a2d6ed2731cd,scaley.hockey,available,59.99,59.99,medium,low,6,namesilo,,,09/09/2026 22:18
f927b67f-d955-483c-91f7-a7b015d162bd,unlucky.hockey,available,14.99,77.99,medium,low,7,name.com,,,21/08/2026 19:11
77362287-73e3-4b7a-8aad-f712f288e357,becoming.hockey,available,14.99,77.99,high,low,8,name.com,,,09/08/2026 06:08
34ae848b-0236-4114-a7d7-2f6ef07c7119,frock.hockey,available,14.99,77.99,medium,low,5,name.com,,,14/08/2026 18:55
ad828e0e-339c-41fb-bd6c-bc41f627473b,messianic.hockey,available,14.99,77.99,high,low,9,name.com,,,24/08/2026 21:22
36d44f16-9225-4149-98ec-7041bdd699a6,ovarian.hockey,available,14.99,77.99,medium,low,7,name.com,,,04/09/2026 19:55
7913d790-5855-4746-8db4-9f73bd6a572b,won.hockey,available,14.99,,high,low,3,name.com,,,
c0edfaaf-e3bb-448f-a0f3-b6c8d34eaeb9,technicals.hockey,available,62.98,72.98,medium,low,10,namecheap,,,18/09/2026 20:39
aee1b085-4f59-4818-a7db-df479594cfa0,judicial.hockey,available,14.99,77.99,high,low,8,name.com,,,22/08/2026 14:14
4b2d8b2a-39cb-49e8-9e24-42b152cb974b,chunks.hockey,available,59.99,59.99,medium,low,6,namesilo,,,18/09/2026 14:56
682e7a19-2cc3-4ca7-9def-205af1456aa9,activism.hockey,available,59.99,59.99,high,low,8,namesilo,,,17/09/2026 05:15
2c828455-0d4a-4feb-8e03-7151773da4da,stertorous.hockey,available,62.98,72.98,low,low,10,namecheap,,,10/09/2026 20:21
2842adf4-c513-4bb0-aee9-87061351cf26,banal.hockey,available,59.99,59.99,medium,low,5,namesilo,,,22/09/2026 16:37
555beadd-0bb5-4ee9-ad6c-eec90af54c4d,tiresome.hockey,available,14.99,77.99,medium,low,8,name.com,,,10/08/2026 20:03
d1d4793a-6345-47fa-ae10-5499e7d900c9,palladio.hockey,available,59.99,59.99,high,low,8,namesilo,,,19/09/2026 04:26
cb3f071f-cce0-43f6-9951-e56960b4048a,checking.hockey,available,59.99,59.99,high,low,8,namesilo,,,25/09/2026 12:11
8d876d6e-1e35-4b41-9378-1a1b28e69415,yon.hockey,available,59.99,59.99,medium,low,3,namesilo,,,13/09/2026 14:47
85dd1ab4-93e4-4b51-bde4-d06ce1d59bf7,arno.hockey,available,59.99,59.99,high,low,4,namesilo,,,20/09/2026 08:12
83c550d8-b5b5-4679-a8af-5a3d65f4f9b3,snuck.hockey,available,59.99,59.99,medium,low,5,namesilo,,,20/09/2026 23:46
a0c4d819-ecca-4624-ade1-020cfd4cc53e,tactful.hockey,available,14.99,77.99,high,low,7,name.com,,,22/08/2026 15:49
07b074b3-0a0e-49ab-9702-2c472c81fa21,zymotic.hockey,available,59.99,59.99,medium,low,7,namesilo,,,13/09/2026 15:57
95ef1314-c147-4fb1-8528-05db12792e23,buddy.hockey,available,14.99,,high,low,5,name.com,,,
693a604c-e736-4d0f-b0b5-2002fa79a979,radon.hockey,available,59.99,59.99,high,low,5,namesilo,,,21/09/2026 00:00
08a370a4-a174-4bfd-891c-ba20d58c4666,lutzen.hockey,available,59.99,59.99,medium,low,6,namesilo,,,22/09/2026 15:24
9d385adc-7bb8-4890-b323-896360f07bf6,dingdong.hockey,available,59.99,59.99,high,low,8,namesilo,,,14/09/2026 12:47
82a813fc-9be9-4657-8fba-a479a75987ce,foothold.hockey,available,14.99,77.99,high,low,8,name.com,,,24/09/2026 10:16
e7235890-58ba-4e3b-8bff-162c940cac94,diversify.hockey,available,14.99,,high,low,9,name.com,,,
3ca0a573-c591-41e6-8e44-6446c5609f5a,moonlike.hockey,available,14.99,77.99,medium,low,8,name.com,,,25/08/2026 05:49
cb0f031e-780a-476d-b01e-38d515b1abf6,yearly.hockey,available,14.99,,high,low,6,name.com,,,
cb47e62a-44a8-4178-aa01-32d3a1a824f9,marguerite.hockey,available,59.99,59.99,high,low,10,namesilo,,,20/09/2026 04:58
ea659e6e-6aab-4e59-bc87-f6b4c0089997,purau.hockey,available,59.99,59.99,medium,low,5,namesilo,,,21/09/2026 22:02
b93c7d44-3ab8-4ed8-8ab6-1a579427a3a7,stunted.hockey,available,59.99,59.99,medium,low,7,namesilo,,,10/09/2026 23:04
9951871c-cf6b-4997-879a-3c5b0356b334,swot.hockey,available,14.99,77.99,high,low,4,name.com,,,10/08/2026 18:21
e6a168c0-bcce-4577-b496-2f585a0d56be,socialist.hockey,available,59.99,59.99,high,low,9,namesilo,,,10/09/2026 13:19
8fda38cf-171f-46a4-8d36-f7d71194c0d3,orchestrated.hockey,available,59.99,59.99,high,low,12,namesilo,,,16/09/2026 23:12
f173e781-d52b-48aa-97a5-e4ddcc9d52df,fiddling.hockey,available,14.99,77.99,medium,low,8,name.com,,,18/08/2026 03:28
8ca58d6d-b1cd-4d8d-83e7-e84e28ac177b,ethnologic.hockey,available,14.99,77.99,medium,low,10,name.com,,,17/08/2026 13:51
2c83eb34-1f7a-4d4e-9763-02614e8d9da0,quieted.hockey,available,59.99,59.99,medium,low,7,namesilo,,,20/09/2026 16:24
e5bb1e22-3cb1-400e-a543-1f41f58c0cec,cxxxv.hockey,available,14.99,77.99,medium,low,5,name.com,,,
733a66d5-ed3f-4180-9f04-f5a159c40ad0,aidoneus.hockey,available,62.98,72.98,medium,low,8,namecheap,,,17/09/2026 20:53
29499001-d5ca-40dc-a59b-0ee410013f32,appoint.hockey,available,14.99,,high,low,7,name.com,,,
b9f2c638-3119-42cf-b04e-74d62be8802e,overhanded.hockey,available,62.98,72.98,medium,low,10,namecheap,,,04/09/2026 20:12
acd18055-b5b0-4e18-a3d6-229a89d13db1,exclude.hockey,available,59.99,59.99,high,low,7,namesilo,,,22/09/2026 03:43
03fbb29f-40f9-470b-8396-69ba9a52a839,phantasma.hockey,available,62.98,72.98,high,low,9,namecheap,,,08/09/2026 18:38
990a420d-7c4b-4a13-b1f3-f48f79e86e89,successors.hockey,available,59.99,59.99,medium,low,10,namesilo,,,20/09/2026 05:21
ee29f7e2-c79a-4e06-8e66-8203291ea6f4,devotional.hockey,available,14.99,77.99,high,low,10,name.com,,,14/08/2026 05:15
b1e1b40b-7ae6-42bd-b860-cc463ba09279,untrained.hockey,available,59.99,59.99,medium,low,9,namesilo,,,12/09/2026 21:40
fb98ca6a-dd95-49b5-bea0-4b0ba0472897,glinting.hockey,available,14.99,77.99,high,low,8,name.com,,,
7afcfbab-eefe-4ed0-934d-9b944defb0d6,sissified.hockey,available,14.99,77.99,medium,low,9,name.com,,,12/08/2026 08:41
d3a0a043-621d-4428-8a12-66db472c5311,newsletters.hockey,available,59.99,59.99,high,low,11,namesilo,,,20/09/2026 15:17
29c6410f-fb49-4bba-bfc9-b7f53b60376b,influential.hockey,available,59.99,59.99,high,low,11,namesilo,,,08/09/2026 05:20
32825e9b-cb90-4dd4-89c5-b46121139a80,bleeder.hockey,available,59.99,59.99,medium,low,7,namesilo,,,24/09/2026 05:24
21cbf80b-c06a-4ab0-9f76-18e9a2024c4e,alkeran.hockey,available,59.99,59.99,medium,low,7,namesilo,,,18/09/2026 08:31
e1fe2b4b-aa08-4f2a-a8cf-b4ad4840a535,umbrellas.hockey,available,59.99,59.99,medium,low,9,namesilo,,,18/09/2026 22:52
4f47871e-3d7c-4da2-ab4a-bebf3c73758d,except.hockey,available,14.99,,high,low,6,name.com,,,
4ee7baab-f3f5-4712-819d-e1d6fdfef377,accented.hockey,available,14.99,77.99,medium,low,8,name.com,,,
8aee2b30-ca14-44fc-a02a-a4cc58c421f7,term.hockey,available,14.99,,high,low,4,name.com,,,
1132e61d-3094-40be-9147-8227429c4c56,sicilian.hockey,available,59.99,59.99,high,low,8,namesilo,,,10/09/2026 07:29
d0e5ac05-1d0e-4e8d-8420-2c3d1fcd34b2,sundress.hockey,available,14.99,,high,low,8,name.com,,,
472cf75f-3682-4f3b-8b57-38a2b5187391,option.hockey,available,59.99,59.99,high,low,6,namesilo,,,22/09/2026 02:42
82ef285e-84bc-4669-928a-ca834d51eb12,aeonian.hockey,available,14.99,77.99,medium,low,7,name.com,,,
b41fedb4-a7ee-4f0d-94ec-08bd495a68c7,vertebral.hockey,available,59.99,59.99,medium,low,9,namesilo,,,13/09/2026 04:33
366a8756-0076-4c48-ad8e-bd5d14324890,murdered.hockey,available,59.99,59.99,medium,low,8,namesilo,,,03/09/2026 11:02
a1a424a0-b627-4e3a-a0e0-3032e1bbac19,attention.hockey,available,14.99,,high,low,9,name.com,,,
7fbefd8d-1ed1-4edf-9071-f0ca8d3308a1,exhausting.hockey,available,14.99,77.99,medium,low,10,name.com,,,14/08/2026 18:21
3445dc74-8b97-47c8-b351-c9849774e353,battue.hockey,available,62.98,72.98,medium,low,6,namecheap,,,22/09/2026 16:30
ea9faedb-3ee1-4f0b-8e68-31f69935405f,streetwise.hockey,available,59.99,59.99,high,low,10,namesilo,,,10/09/2026 22:26
ba14a961-be79-41af-a914-9653ab9c7e7f,bevel.hockey,available,59.99,59.99,medium,low,5,namesilo,,,23/09/2026 11:58
f1858f05-fe31-4ab6-bc61-6e0c58c057fc,recyclable.hockey,available,59.99,59.99,high,low,10,namesilo,,,09/09/2026 11:31
5ee1e849-7589-4fa6-b9bb-e23f050cf9ca,immortal.hockey,available,14.99,77.99,high,low,8,name.com,,,21/08/2026 21:12
1b2d7ddd-8f1e-44e1-a575-5bd91bc2f38b,stunned.hockey,available,59.99,59.99,high,low,7,namesilo,,,22/09/2026 03:44
ccc35389-66de-4d7f-9df2-a1271621ce5a,throws.hockey,available,59.99,59.99,medium,low,6,namesilo,,,19/09/2026 00:51
7aaf2d62-5e30-4977-b670-9e3cf3acb57c,broadway.hockey,premium,78.54,78.54,high,low,8,namesilo,,,24/09/2026 10:38
b2b9654d-dd46-4804-ac73-ff384cd80dcb,asymmetric.hockey,available,14.99,77.99,medium,low,10,name.com,,,07/08/2026 10:25
834e41e6-5f8b-4425-9973-c27c7d360cdd,cuba.hockey,available,,,high,high,4,,,,
74e7a1d9-b72e-43ff-b781-a9719eded3be,bluebottle.hockey,available,59.99,59.99,high,low,10,namesilo,,,21/09/2026 14:09
7cff05ec-482e-4096-9598-27848eea83b0,syllabled.hockey,available,59.99,59.99,medium,low,9,namesilo,,,11/09/2026 06:00
31ae39ab-6e12-4e21-ac1f-2fb71b67c96c,unbeatable.hockey,available,62.98,72.98,high,low,10,namecheap,,,25/09/2026 11:12
8ff62d46-93e0-4f4d-9968-e1cacbdad552,hysteria.hockey,available,62.98,72.98,high,low,8,namecheap,,,24/09/2026 21:43
9b0c08d3-49de-47af-9d97-9933738b7a3c,relevant.hockey,available,59.99,59.99,high,low,8,namesilo,,,09/09/2026 13:33
9b37e725-baf7-409d-a073-d3cc4d18754a,lexically.hockey,available,59.99,59.99,medium,low,9,namesilo,,,15/09/2026 11:16
c6abca56-fe81-456a-a3c4-5ac64ff52ab6,semisolid.hockey,available,59.99,59.99,medium,low,9,namesilo,,,10/09/2026 03:26
fbf2876d-3daf-438d-8e0d-67df1b9197b0,jangling.hockey,available,14.99,77.99,medium,low,8,name.com,,,22/08/2026 12:19
bede429e-430b-4fe8-a69f-47ccd5d7ed51,dates.hockey,available,59.99,59.99,high,low,5,namesilo,,,18/09/2026 18:40
9b978660-c021-47a6-9be8-f29775945ff4,gamely.hockey,available,62.98,72.98,high,low,6,namecheap,,,14/09/2026 21:02
90aeeefc-fdd1-4f3d-ae04-57dd3eaad061,busty.hockey,available,14.99,77.99,medium,low,5,name.com,,,10/08/2026 20:26
01feefec-edf1-49af-b8c3-710e5e8c7d49,negative.hockey,available,59.99,59.99,high,low,8,namesilo,,,24/09/2026 11:09
3d8820c1-5596-434c-a9e4-0569408523f6,arriver.hockey,available,59.99,59.99,high,low,7,namesilo,,,20/09/2026 09:16
f21b47c8-078a-454c-b29c-07149192313b,powerful.hockey,available,59.99,59.99,high,low,8,namesilo,,,23/09/2026 09:23
9eece20a-dac8-4f2d-81c9-7485bfbf2ace,dude.hockey,available,14.99,77.99,high,low,4,name.com,,,13/08/2026 17:07
824c0618-28f3-4a6f-9e7a-4729df87e71a,noisily.hockey,available,59.99,59.99,medium,low,7,namesilo,,,15/09/2026 16:46
2d0d0c52-81f1-44de-85af-cba0bf79b0b4,demolition.hockey,available,59.99,59.99,high,low,10,namesilo,,,24/09/2026 21:50
094ea856-0d91-4308-bc82-30714d511b1a,federate.hockey,available,14.99,77.99,high,low,8,name.com,,,18/08/2026 00:36
ef909300-3145-473e-9907-77cd6328a867,intercultural.hockey,available,14.99,,high,low,13,name.com,,,
1eb95087-834c-4f9d-885e-f4d6001239d8,untimely.hockey,available,14.99,77.99,medium,low,8,name.com,,,21/08/2026 19:32
6ec3dff3-86ec-4050-bd8d-d0abae9c67ab,alkanet.hockey,available,59.99,59.99,medium,low,7,namesilo,,,18/09/2026 08:26
fc68883b-d36c-47f2-bf33-4020de694947,turmeric.hockey,available,62.98,72.98,high,low,8,namecheap,,,19/09/2026 15:28
26169579-b946-4e0e-bfa3-222751434886,bert.hockey,available,59.99,59.99,high,low,4,namesilo,,,25/09/2026 14:48
d4e92ee6-1305-40af-8306-1c89fdfe5ecf,fetid.hockey,available,14.99,77.99,medium,low,5,name.com,,,18/08/2026 02:24
4e3cb526-a46b-4a1d-a84c-ecb69a6ae538,dismiss.hockey,available,14.99,,high,low,7,name.com,,,
b6b59b83-4957-4d90-b760-0c4e8ca2fb07,tahitian.hockey,available,59.99,59.99,high,low,8,namesilo,,,11/09/2026 07:06
d9cc52a1-20c5-49c9-8c82-b94aa4efd42c,subway.hockey,available,59.99,59.99,high,low,6,namesilo,,,25/09/2026 23:41
5080f4dc-e7f3-46eb-b527-f14f45277cc0,thought.hockey,available,14.99,,high,low,7,name.com,,,
b12a7a23-7933-4caa-a2fc-79669da2e1a3,accrued.hockey,available,14.99,77.99,high,low,7,name.com,,,
ed789a7f-86c9-4d5a-af36-71c6bde20e86,boxers.hockey,available,14.99,,high,low,6,name.com,,,
9e2f3d78-bb2f-4c98-b81f-57ad22080583,baronial.hockey,available,14.99,77.99,medium,low,8,name.com,,,08/08/2026 20:11
69bcaeec-a9a3-4007-b217-07b45c75cc3f,tainted.hockey,available,59.99,59.99,medium,low,7,namesilo,,,11/09/2026 07:12
292d98f3-d52e-4c06-900c-63e4d67d039a,bestiary.hockey,available,59.99,59.99,high,low,8,namesilo,,,23/09/2026 10:36
126636a4-ef09-46de-a6d2-3451cf27df2f,aram.hockey,available,59.99,59.99,high,low,4,namesilo,,,19/09/2026 23:55
fb2a1de9-d538-4094-9229-bd254e1e4bf1,shrubby.hockey,available,14.99,77.99,medium,low,7,name.com,,,18/08/2026 17:15
221e45a8-a124-4674-927e-8c1766899b78,cockcrow.hockey,available,59.99,59.99,medium,low,8,namesilo,,,11/09/2026 02:11
b6eef128-77d9-41cf-8ba6-0c9807f49351,machines.hockey,available,59.99,59.99,high,low,8,namesilo,,,24/09/2026 13:52
81bd72b9-5fc5-4f83-bc31-9b9efdd9a341,spiffy.hockey,available,14.99,77.99,high,low,6,name.com,,,13/08/2026 17:36
7cca2f67-ca4b-4610-bfa4-7a6746bad2ce,terrifies.hockey,available,59.99,59.99,low,low,9,namesilo,,,18/09/2026 07:37
d1421a1e-6903-4f09-aa63-814d5fc4b09a,loony.hockey,available,14.99,77.99,high,low,5,name.com,,,06/08/2026 21:17
0c75dcd0-b017-4a0b-bb18-4a98bf252c36,occurrence.hockey,available,62.98,72.98,high,low,10,namecheap,,,25/09/2026 23:56
3d788b34-4437-406c-97f0-c7c62c5dbaaf,branding.hockey,available,59.99,59.99,high,low,8,namesilo,,,24/09/2026 08:11
a85e693b-ca5d-4626-87b3-63204ae1b55d,facet.hockey,available,14.99,,high,low,5,name.com,,,
10ae1321-806c-4d0b-a253-412edbfd84e3,warned.hockey,available,59.99,59.99,medium,low,6,namesilo,,,18/09/2026 02:46
2403f461-04fc-462c-bdbb-a248438adcbc,peregrine.hockey,available,14.99,77.99,medium,low,9,name.com,,,25/08/2026 02:20
12ece568-ec6b-4426-a91d-ef5afef5a0a5,pet.hockey,available,14.99,77.99,high,medium,3,name.com,,,09/08/2026 17:52
e2f6308d-ecab-4c0f-a186-5c38c1812ee1,combatant.hockey,available,14.99,77.99,high,low,9,name.com,,,09/08/2026 13:29
ab60fa02-6c31-42bc-aace-cbcd08ab3958,aerobiotic.hockey,available,14.99,77.99,medium,low,10,name.com,,,
1f24f837-15af-45e2-8440-510fc1f56996,annie.hockey,available,62.98,72.98,high,low,5,namecheap,,,25/09/2026 18:17
7940fc0a-2c41-4e7e-928a-6d2d416b4ed8,diminished.hockey,available,14.99,77.99,medium,low,10,name.com,,,07/08/2026 15:00
f12fb59f-9d58-476f-a655-12509d236280,stroppy.hockey,available,14.99,77.99,medium,low,7,name.com,,,10/08/2026 17:59
a6b2409a-d174-4544-a314-756c2bee9a43,dancers.hockey,available,59.99,59.99,high,low,7,namesilo,,,20/09/2026 05:50
6d6adc2a-ba66-4695-8406-fbc081cf17f5,passim.hockey,available,62.98,72.98,medium,low,6,namecheap,,,15/09/2026 19:07
71ea66e2-2c38-401a-a84c-3652a6ef19df,chinch.hockey,available,59.99,59.99,medium,low,6,namesilo,,,22/09/2026 22:46
181a43c4-86a2-43b5-99a7-7aa986b753ac,nerve.hockey,available,62.98,72.98,high,low,5,namecheap,,,25/09/2026 23:41
b020504a-4665-40c4-8e2e-8418905534eb,bassoon.hockey,available,59.99,59.99,high,low,7,namesilo,,,22/09/2026 12:33
b2f59abc-7b8a-4379-979b-47ffc3c9f080,mortgaged.hockey,available,14.99,77.99,medium,low,9,name.com,,,25/08/2026 06:38
fd94af19-e28e-4539-b4fe-36e90d2b4773,aiglet.hockey,available,62.98,72.98,medium,low,6,namecheap,,,17/09/2026 18:23
ded2fdd9-80a8-465a-b178-4bdb6e8ad1a0,contralto.hockey,available,14.99,77.99,medium,low,9,name.com,,,
2ce6185a-2cd3-449b-acd0-f653b60eaec2,tenfold.hockey,available,14.99,77.99,high,low,7,name.com,,,14/08/2026 01:44
046b28a0-0f0a-4ae3-b7b7-5f71847074f8,growing.hockey,available,59.99,59.99,high,low,7,namesilo,,,19/09/2026 05:23
55b88c7c-8dc5-4827-9615-a16a3eaa835f,cinque.hockey,available,14.99,77.99,medium,low,6,name.com,,,
1ed725a6-feec-4a46-9fed-c6f60fc775da,body.hockey,available,62.98,72.98,high,low,4,namecheap,,,24/09/2026 06:32
906e211e-41a9-4609-810b-609db63ed3fb,skies.hockey,available,59.99,59.99,high,low,5,namesilo,,,18/09/2026 07:49
e1533a67-41f9-4b2d-a873-fd6445f6b25a,acolyte.hockey,available,59.99,59.99,high,low,7,namesilo,,,17/09/2026 02:00
22773d40-0da6-4c50-b5cf-4d85b7e0f99a,balcony.hockey,available,62.98,72.98,high,low,7,namecheap,,,21/09/2026 21:28
89b74cf1-61b1-4963-a4af-95aed35b0c15,packing.hockey,available,14.99,,high,low,7,name.com,,,
1d19436c-e86f-4a46-9830-83b8cd4608ff,anne.hockey,available,59.99,59.99,high,low,4,namesilo,,,19/09/2026 10:11
1eb0915a-1c5f-418b-bc85-c2133c63c24c,zeroth.hockey,available,59.99,59.99,medium,low,6,namesilo,,,13/09/2026 15:14
506a5a80-ed8c-4116-bf07-ee6e34b633ce,emulous.hockey,available,14.99,77.99,high,low,7,name.com,,,16/08/2026 21:03
3a39fe5f-10c3-4362-995e-59399ba7c821,myself.hockey,available,59.99,59.99,high,low,6,namesilo,,,25/09/2026 12:53
012611ae-d418-43d2-8a91-ae1bd4a5773b,uncial.hockey,available,59.99,59.99,medium,low,6,namesilo,,,12/09/2026 05:10
8f017ae9-6868-47f0-ac97-06efab2438ef,comestible.hockey,available,14.99,77.99,medium,low,10,name.com,,,12/08/2026 18:45
58e838b4-c133-43cf-8cb4-3799a88c16b2,tepid.hockey,available,14.99,77.99,medium,low,5,name.com,,,20/08/2026 22:41
b7b334f1-35a2-456a-9e2e-377d09503f96,filter.hockey,available,59.99,59.99,high,low,6,namesilo,,,25/09/2026 00:06
cae805bb-ae85-4f9d-8fa9-f641c99aea6b,monied.hockey,available,14.99,77.99,high,low,6,name.com,,,25/08/2026 04:39
ecd8ea9f-0d55-478e-99a4-863268f5d46e,shoes.hockey,available,14.99,,high,low,5,name.com,,,
3290eaf4-33b3-4f46-b246-396eeb38de96,perfidious.hockey,available,59.99,59.99,medium,low,10,namesilo,,,08/09/2026 16:31
5e2b65b2-b2b8-4a9f-b9ae-c85d066b39dd,opposite.hockey,available,59.99,59.99,high,low,8,namesilo,,,23/09/2026 22:35
a7900746-0b4b-4694-b15f-2f74fd6c27ee,environmental.hockey,available,14.99,,high,low,13,name.com,,,
77cffd9d-4945-49a9-a2e5-164d97ea5de7,ineffable.hockey,available,14.99,77.99,high,low,9,name.com,,,22/08/2026 02:45
9c56bf7b-6543-4152-bc56-b19c9663a5b4,hilly.hockey,available,14.99,77.99,high,low,5,name.com,,,13/08/2026 04:46
dc980c48-98d3-4c81-849b-6f6e3ababfd9,aken.hockey,available,59.99,59.99,high,low,4,namesilo,,,16/09/2026 13:08
2a7e307a-fa78-49ba-8320-84e993e576e2,binful.hockey,available,62.98,72.98,medium,low,6,namecheap,,,23/09/2026 17:14
d8dfbe01-4ffa-4104-a759-a42cc4b4f4ae,milliliter.hockey,available,14.99,77.99,medium,low,10,name.com,,,11/08/2026 22:53
a0eb7aa9-c5af-4909-88ac-38f019fd8bb5,miguel.hockey,available,62.98,72.98,high,low,6,namecheap,,,25/09/2026 14:22
5ca9b5c9-e7fc-4e03-b5d1-f565d2e19859,kurakkan.hockey,available,59.99,59.99,medium,low,8,namesilo,,,17/09/2026 15:21
fdde6ec5-b3b9-4544-b286-e5312f167aa3,isthmian.hockey,available,14.99,77.99,medium,low,8,name.com,,,22/08/2026 11:34
b6eaed80-b2bd-4f3a-b258-eefbfd6b9e22,pierre.hockey,available,59.99,59.99,high,low,6,namesilo,,,24/09/2026 12:24
2593eb10-d03e-4792-a3f0-a31917820f56,alluvial.hockey,available,14.99,77.99,high,low,8,name.com,,,
fcf52f0d-6583-4d45-af89-53e1bc0088d6,dastardly.hockey,available,14.99,77.99,medium,low,9,name.com,,,13/08/2026 18:31
4a0fb436-5184-42db-bf9b-5b6d0137220f,addon.hockey,available,62.98,72.98,high,low,6,namecheap,,,17/09/2026 06:37
1f138eeb-bb50-41ca-b410-f1624963339d,ordinal.hockey,available,59.99,59.99,high,low,7,namesilo,,,04/09/2026 17:44
282e5340-f6ca-4a37-9d7d-d0a8f7b5a862,impute.hockey,available,59.99,59.99,medium,low,6,namesilo,,,21/09/2026 02:18
d271aa77-321e-4859-9517-7a1c35070b6c,valid.hockey,available,14.99,,high,low,5,name.com,,,
a5d6bfce-8bec-4875-8868-dcd485eeeb5d,tearful.hockey,available,14.99,77.99,medium,low,7,name.com,,,14/08/2026 15:35
58e3c2a3-90d3-42ae-be90-700504fbaa5c,antipathy.hockey,available,62.98,72.98,medium,low,9,namecheap,,,19/09/2026 14:53
7462dcce-dafe-4475-a0f5-21906a480c0f,ape.hockey,available,14.99,77.99,high,low,3,name.com,,,
c3573412-bfa3-46e2-8e7a-e5c281d3c747,frilled.hockey,available,14.99,77.99,medium,low,7,name.com,,,18/08/2026 15:49
23669345-1baa-43c5-a8dd-ed83d64feb87,whorled.hockey,available,14.99,77.99,medium,low,7,name.com,,,12/08/2026 16:18
c790a48c-598a-47b2-9755-0f3ec2ac3d71,allergic.hockey,available,59.99,59.99,high,low,8,namesilo,,,22/09/2026 01:25
1bdcbb8d-ad40-4bd8-9c03-961f6db82b19,inglorious.hockey,available,14.99,77.99,medium,low,10,name.com,,,21/08/2026 18:25
c13af9b7-1b7e-4eb2-8e2e-601338c98970,northwest.hockey,available,59.99,59.99,high,low,9,namesilo,,,03/09/2026 21:41
c9c8a0a1-3c9d-4c33-8e06-ce6f2368f274,clxxx.hockey,available,14.99,77.99,medium,low,5,name.com,,,
cf63533d-4636-4fd1-9c47-449f03f6a409,connor.hockey,available,59.99,59.99,high,low,6,namesilo,,,25/09/2026 15:29
e3b538d1-a15e-484a-8a47-4a57e84bbe16,steakhouse.hockey,available,59.99,59.99,high,low,10,namesilo,,,24/09/2026 14:46
687a752a-4429-4185-8bfe-99b2641c1d00,adience.hockey,available,59.99,59.99,medium,low,7,namesilo,,,17/09/2026 08:09
64fcc394-d2ee-45d9-91f9-e6a2be6ad414,eastward.hockey,available,14.99,77.99,high,low,8,name.com,,,14/08/2026 22:48
5792a084-3e40-49fc-8d65-a8b0330b7de4,perplex.hockey,available,62.98,72.98,high,low,7,namecheap,,,21/09/2026 17:26
d7e2201e-1354-40f7-9d62-0c1cbe5bae7e,potent.hockey,available,59.99,59.99,high,low,6,namesilo,,,09/09/2026 00:48
cf7a627e-0da4-4000-aa60-c6b4860d0e62,sidelong.hockey,available,14.99,77.99,medium,low,8,name.com,,,07/08/2026 03:26
c4e0cbf1-b355-4abc-8aa0-24ee848e2e35,vitalizing.hockey,available,14.99,77.99,high,low,10,name.com,,,23/08/2026 01:35
3cfcad56-b35b-4c2e-a8e9-972025b0ea39,accompany.hockey,available,59.99,59.99,high,low,9,namesilo,,,24/09/2026 16:41
dc73c498-462c-4040-b82b-936b730b47b2,exaggerate.hockey,available,14.99,,high,low,10,name.com,,,
7a51b14f-214b-41e3-b5e2-6810c6eba420,kinky.hockey,available,14.99,77.99,high,low,5,name.com,,,17/08/2026 22:20
60fe95f8-7f8c-49d0-a00d-b650e4e0ebe9,deciders.hockey,available,59.99,59.99,medium,low,8,namesilo,,,20/09/2026 23:38
a24beddb-ca3d-48d9-88d8-9bf0b50f6da4,sunstone.hockey,available,59.99,59.99,high,low,8,namesilo,,,21/09/2026 09:07
3a2dbcbc-d8a3-4507-9a41-09e5a58eb7ca,momentary.hockey,available,14.99,77.99,medium,low,9,name.com,,,18/08/2026 07:54
f32c17cd-d663-490d-82c1-2e05edb0ff94,dun.hockey,available,14.99,77.99,medium,low,3,name.com,,,14/08/2026 21:12
815873a6-a3c4-45c9-b7eb-11f79de163d5,airlift.hockey,available,62.98,72.98,high,low,7,namecheap,,,17/09/2026 23:13
97f83036-92fe-4312-94b6-6b24546fcc12,gaol.hockey,available,14.99,77.99,medium,low,4,name.com,,,08/09/2026 22:46
fb742603-0d00-4bcc-976e-1ae3dc1d7840,boaster.hockey,available,14.99,77.99,medium,low,7,name.com,,,11/08/2026 01:18
5909ce23-c501-4a8d-b6c1-01c5aa84c5e4,irving.hockey,available,59.99,59.99,medium,low,6,namesilo,,,25/09/2026 07:50
3ee043a3-ec06-4d38-8302-0f68c440e1b5,failures.hockey,available,62.98,72.98,low,low,8,namecheap,,,20/09/2026 17:55
95e45323-f546-4102-a69f-7229000995aa,dais.hockey,available,59.99,59.99,high,low,4,namesilo,,,18/09/2026 17:12
3f83df67-d943-4f01-a6cf-3267f5e37f34,ecology.hockey,available,59.99,59.99,high,low,7,namesilo,,,23/09/2026 18:42
e70ba44c-0e4e-4d1e-82e3-e83914ce1588,aphelion.hockey,available,59.99,59.99,medium,low,8,namesilo,,,19/09/2026 16:55
d8e0db86-548a-4096-b7d2-ec8105b7e797,yearner.hockey,available,59.99,59.99,medium,low,7,namesilo,,,15/09/2026 12:51
73bf979b-9679-4433-953a-65256a8064fa,giddy.hockey,available,14.99,77.99,medium,low,5,name.com,,,
9355d059-6819-4f27-8b5c-040540e652ec,traveller.hockey,available,14.99,,high,low,9,name.com,,,
4d077b0b-4cdc-4f1f-b067-24b94c58e246,manycore.hockey,available,59.99,59.99,medium,low,8,namesilo,,,17/09/2026 08:17
a2bb1207-cb7a-4b7f-ac4c-a753a688f2fe,sealed.hockey,available,14.99,,high,low,6,name.com,,,
16891f3b-cfa4-48eb-88f0-c19905a691e8,loiter.hockey,available,59.99,59.99,medium,low,6,namesilo,,,11/09/2026 08:23
e19a9fbc-d065-43e8-b6c6-4eb038c71d5e,jolt.hockey,available,59.99,59.99,high,low,4,namesilo,,,25/09/2026 11:45
d164bfc2-fb59-4f32-8dfe-440d1711ace8,making.hockey,available,14.99,,high,low,6,name.com,,,
88ba79a1-2ecb-40be-9a63-052f222588af,aras.hockey,available,59.99,59.99,medium,low,4,namesilo,,,20/09/2026 00:22
d5c8eeba-dd50-4c7d-a95d-658a1847cad9,businesses.hockey,available,62.98,72.98,medium,low,10,namecheap,,,23/09/2026 07:34
260ec9ed-e4aa-47e2-bd7d-ab6ba0731727,hoops.hockey,available,14.99,,high,low,5,name.com,,,
a42f1565-33c4-46c8-9786-bf3375159d72,barbet.hockey,available,59.99,59.99,medium,low,6,namesilo,,,22/09/2026 04:53
24fbf160-e2fb-4192-b881-681769d546c8,chiseled.hockey,available,14.99,77.99,medium,low,8,name.com,,,12/08/2026 06:05
23c389f5-1d37-4ff2-940c-8d0a739516b9,sonsie.hockey,available,14.99,77.99,medium,low,6,name.com,,,10/08/2026 20:34
6ed8f606-bc48-4d45-bdb2-029d1fc67b90,olympia.hockey,available,14.99,,high,low,7,name.com,,,
30c5247b-ed67-47f0-94c9-500f4fa92aa0,gawky.hockey,available,14.99,77.99,medium,low,5,name.com,,,12/08/2026 13:06
839d354e-7e90-4c28-bd4c-f95fd83ab2bc,funds.hockey,available,14.99,,high,low,5,name.com,,,
3a8f73a2-8994-4a66-8bef-dcdc895f05fc,alkaloidal.hockey,available,14.99,77.99,medium,low,10,name.com,,,
e2a55fe6-c506-485a-a72b-351764212e90,tubed.hockey,available,62.98,72.98,medium,low,5,namecheap,,,11/09/2026 20:56
983f35d3-2afe-4229-a4f2-5201f56ac27b,kurrat.hockey,available,59.99,59.99,medium,low,6,namesilo,,,18/09/2026 11:14
6907a4f8-0180-400e-ba12-dcc093a705ff,ballyhoo.hockey,available,62.98,72.98,high,low,8,namecheap,,,21/09/2026 23:32
f34c6d28-417f-4f8e-bdcd-351164f7364b,exotic.hockey,available,14.99,77.99,high,low,6,name.com,,,17/08/2026 17:49
7eceb205-b9ed-4140-8e8b-8548e98e8c23,unshakable.hockey,available,59.99,59.99,high,low,10,namesilo,,,23/09/2026 10:41
ac5d36ee-00a0-4546-af74-740f0621a11f,canadian.hockey,premium,854,854,high,low,8,namesilo,,,23/09/2026 12:40
55231f37-7610-433c-8ca5-8b6130218c50,sums.hockey,available,59.99,59.99,medium,low,4,namesilo,,,18/09/2026 07:08
b186d2fb-2f07-4894-a6df-078efcc7ced4,wash.hockey,available,14.99,,high,low,4,name.com,,,
e0d04682-9c0a-467a-873f-9d101dbe35b9,embassador.hockey,available,59.99,59.99,high,low,10,namesilo,,,18/09/2026 16:29
711ef38a-2f93-43c2-9f9d-c0b28005b8e2,campanula.hockey,available,59.99,59.99,high,low,9,namesilo,,,23/09/2026 06:05
149b8b48-11a3-427f-8169-55b6d6793a75,hired.hockey,available,14.99,77.99,high,low,5,name.com,,,12/08/2026 02:48
673b6a62-12e8-4fa3-948f-12c21a4b0137,variegate.hockey,available,14.99,77.99,medium,low,9,name.com,,,25/08/2026 08:26
fb13fcf8-42f0-425f-a7e4-1af51dd42c59,injure.hockey,available,14.99,,high,low,6,name.com,,,
83c4bdfa-07a8-490d-b00c-64772b7a3639,gregarious.hockey,available,14.99,77.99,high,low,10,name.com,,,20/08/2026 19:56
99dc2d4e-ac7e-4199-9892-458b4e82c6f2,alhazen.hockey,available,59.99,59.99,medium,low,7,namesilo,,,18/09/2026 00:42
bac5261c-b861-4ef1-9bae-04c3fdd05516,brimless.hockey,available,14.99,77.99,medium,low,8,name.com,,,11/08/2026 04:13
bf0841e6-d932-4215-b2a7-9fe4db469bd2,anglesey.hockey,available,59.99,59.99,high,low,8,namesilo,,,19/09/2026 06:27
469be139-3533-47e4-b90c-cf8f1332cfd5,ramsey.hockey,available,59.99,59.99,high,low,6,namesilo,,,25/09/2026 15:22
e61abff0-32e4-4199-b219-450f5785232d,procedure.hockey,available,62.98,72.98,high,low,9,namecheap,,,19/09/2026 02:44
cfaa759d-05f0-4612-8d6f-07e20c7ba5a9,ducky.hockey,available,14.99,77.99,high,low,5,name.com,,,13/08/2026 18:23
e148ad70-07ee-4d5f-a8e8-bb49730a0c53,churchly.hockey,available,14.99,77.99,medium,low,8,name.com,,,12/08/2026 07:48
ca00f8c9-3514-427d-a029-b91badebd1c4,becquerel.hockey,available,59.99,59.99,medium,low,9,namesilo,,,19/09/2026 15:23
e4eccdbe-9755-48a5-bc3c-4b363c13ed9f,banian.hockey,available,62.98,72.98,medium,low,6,namecheap,,,22/09/2026 02:05
d231d9e4-fe93-4e0e-9d0e-dbb5b6d5e1b9,autocracy.hockey,available,59.99,59.99,medium,low,9,namesilo,,,21/09/2026 06:08
1c9c96fc-8688-42d4-be84-1ffc9f257fa1,advertised.hockey,available,14.99,77.99,medium,low,10,name.com,,,
a4390061-a079-4a09-9106-40eba60c6723,geographic.hockey,available,14.99,77.99,high,low,10,name.com,,,18/08/2026 22:27
4e433070-f760-4b18-a2e4-fc2061f89ca5,unedited.hockey,available,14.99,77.99,medium,low,8,name.com,,,12/09/2026 08:51
99dd4ebf-35c6-4249-b07e-20350e12e0ee,ingrained.hockey,available,14.99,77.99,high,low,9,name.com,,,13/08/2026 22:49
9fdb1f61-58e8-41ad-8474-8d7d26721bfb,lineage.hockey,available,59.99,59.99,high,low,7,namesilo,,,08/09/2026 13:04
e59f75c2-f596-4fd5-89cf-666a5af9bf54,reduce.hockey,available,62.98,72.98,high,low,6,namecheap,,,24/09/2026 08:28
53f3a0aa-e6ee-4e58-a452-3aad2e44c042,diazo.hockey,available,14.99,77.99,medium,low,5,name.com,,,14/08/2026 06:23
b62a7a8b-1622-4bf0-87a3-1ed25042fcfb,afferent.hockey,available,14.99,77.99,high,low,8,name.com,,,
b7c1c312-c3ba-4117-a2ee-740b090f7024,thousandth.hockey,available,14.99,77.99,high,low,10,name.com,,,
597a0589-29d4-4eda-9d9e-1720911ee4d3,matchless.hockey,available,14.99,77.99,high,low,9,name.com,,,24/08/2026 17:00
037ed0f1-ac87-4196-b251-a763688a3e3a,pouf.hockey,available,59.99,59.99,high,low,4,namesilo,,,09/09/2026 08:13
6d650687-921c-4ea8-8eed-03a3fcd93523,formless.hockey,available,14.99,77.99,medium,low,8,name.com,,,
483c3ac9-f78a-4e40-9ef3-28461393be75,princess.hockey,available,14.99,,high,low,8,name.com,,,
e982dbd4-4869-40cd-b3da-5059a5ea6e56,paintable.hockey,available,59.99,59.99,medium,low,9,namesilo,,,04/09/2026 23:06
849b722c-6af6-43f8-8dc7-cecd475bf353,assume.hockey,available,14.99,,high,low,6,name.com,,,
fda087ae-6bd8-4a79-bb72-1594017d6e56,bextra.hockey,available,62.98,72.98,medium,low,6,namecheap,,,23/09/2026 12:09
57e71fa7-5113-473c-9e91-7815209d7963,monotony.hockey,available,14.99,77.99,medium,low,8,name.com,,,21/08/2026 15:10
409b71f4-84a1-481c-8c55-708435c11aae,sunk.hockey,available,59.99,59.99,medium,low,4,namesilo,,,11/09/2026 01:50
bd00c230-d88a-4423-9ddd-2319e002ea14,abbatial.hockey,available,14.99,77.99,medium,low,8,name.com,,,
af4b8f0e-ba45-436d-a786-de208ddcfa37,idyl.hockey,available,59.99,59.99,high,low,4,namesilo,,,08/09/2026 10:13
2a35ce16-fc88-48ed-8d07-3d67267f94d9,cheerfully.hockey,available,14.99,,high,low,10,name.com,,,
504a7833-4651-4429-9364-aaea929034a8,tectonics.hockey,available,59.99,59.99,medium,low,9,namesilo,,,20/09/2026 02:14
26b160c6-111c-428d-87bc-b05abba429c1,never.hockey,available,14.99,,high,low,5,name.com,,,
4c900251-d5ae-4dc9-8c74-2695f266bcff,yarrow.hockey,available,59.99,59.99,medium,low,6,namesilo,,,17/09/2026 00:36
3c62dfbd-b4c5-4ea7-8b4b-8beebeeec6ef,monk.hockey,available,14.99,77.99,high,low,4,name.com,,,25/08/2026 04:11
84dbea1c-2db5-4ebd-a93d-6788e1cf1444,debonaire.hockey,available,14.99,77.99,medium,low,9,name.com,,,12/08/2026 05:59
40705ab0-2c60-46a5-8efc-47a69b6edee4,phantasy.hockey,available,14.99,77.99,high,low,8,name.com,,,17/08/2026 21:58
41438e75-be59-445d-94d2-eff424dd6d4d,agreement.hockey,available,62.98,72.98,high,low,9,namecheap,,,16/09/2026 22:51
f434f5f2-2199-45ab-b2d9-c2dd9e1c46c3,national.hockey,premium,512,512,high,medium,8,namesilo,,,25/09/2026 22:55
7811689a-de78-442c-92e2-5b870f485af8,truthfully.hockey,available,59.99,59.99,high,low,10,namesilo,,,16/09/2026 09:34
a6670e88-3f78-4366-8322-339b90dba076,appraisals.hockey,available,59.99,59.99,medium,low,10,namesilo,,,08/09/2026 07:32
ea3fbe1c-18db-4bd6-a7fc-28c13806bb40,surfers.hockey,available,59.99,59.99,high,low,7,namesilo,,,20/09/2026 02:01
74bd0d3d-ad63-486c-902d-682ef68583c9,stevenson.hockey,available,59.99,59.99,high,low,9,namesilo,,,17/09/2026 08:37
e4f6a324-66c0-408f-a5f8-4cd47dbebc90,turbid.hockey,available,14.99,77.99,medium,low,6,name.com,,,25/08/2026 01:10
c4b55190-5f9b-492a-9b64-26454e215e9b,desires.hockey,available,62.98,72.98,high,low,7,namecheap,,,17/09/2026 08:40
4a977dd0-3550-440f-a05c-7608cde33344,aucuba.hockey,available,59.99,59.99,medium,low,6,namesilo,,,21/09/2026 02:47
81d1de1e-5471-4118-9e8f-7bb5ca52c68d,hindsight.hockey,available,14.99,,high,low,9,name.com,,,
1b7a0f37-f77e-4410-b522-8a3ea12e14f3,clxv.hockey,available,14.99,77.99,medium,low,4,name.com,,,
bedb8746-516f-4862-8758-18b3a938ca40,seraphical.hockey,available,59.99,59.99,medium,low,10,namesilo,,,10/09/2026 04:31
31292043-df16-47b0-8154-4a2caf25634d,downtime.hockey,available,62.98,72.98,high,low,8,namecheap,,,24/09/2026 23:41
8114fd60-f518-4687-a977-5612829fe054,hunt.hockey,available,59.99,59.99,high,medium,4,namesilo,,,25/09/2026 23:08
e40008bb-b784-40e1-a4d7-56f9263e692a,canberra.hockey,premium,118.8,118.8,high,low,8,namesilo,,,21/09/2026 04:47
eabd568b-67c5-44a7-9266-002e8b5fd6de,unfounded.hockey,available,14.99,77.99,medium,low,9,name.com,,,08/08/2026 21:57
8c860d5f-2e89-4975-a750-78924d109146,doha.hockey,available,59.99,59.99,high,low,4,namesilo,,,23/09/2026 13:38
370d5f6a-3730-4b69-9579-9715be0f5249,recommend.hockey,available,14.99,,high,low,9,name.com,,,
be4f6306-a2cc-4286-866d-4fd587ac3e79,modeling.hockey,available,59.99,59.99,high,low,8,namesilo,,,24/09/2026 15:25
89b4b455-dfc9-480d-be7d-a156e659d2c3,uninsured.hockey,available,59.99,59.99,medium,low,9,namesilo,,,12/09/2026 13:28
161d61b0-7227-4f52-8730-deffff810881,spheric.hockey,available,14.99,77.99,medium,low,7,name.com,,,08/08/2026 10:16
8ad7e6eb-64da-448e-aa69-9a7d7602362f,dynamical.hockey,available,14.99,77.99,high,low,9,name.com,,,14/08/2026 21:57
e5fcd7d3-3bbf-44c6-b461-f50d89f78b9b,unusual.hockey,available,14.99,,high,low,7,name.com,,,
c7948796-79a2-4ddb-860a-3f7e26ac0325,program.hockey,available,59.99,59.99,high,low,7,namesilo,,,24/09/2026 17:00
0017d181-3417-4cb9-9a20-a373bb61a70f,seeping.hockey,available,59.99,59.99,medium,low,7,namesilo,,,04/09/2026 15:36
e6b8bc2b-9313-49dd-b5b1-73974522924a,swimwear.hockey,available,59.99,59.99,high,low,8,namesilo,,,22/09/2026 13:39
15a5dd76-2828-48b5-8b32-2bdadcd725ea,gaily.hockey,available,62.98,72.98,medium,low,5,namecheap,,,14/09/2026 20:57
726e93b3-0e6f-4a85-b0a1-d373e7c904bd,relaxing.hockey,available,14.99,77.99,high,low,8,name.com,,,09/09/2026 13:30
9fa12e7c-15f7-44e1-9ab0-d9d49f4187ed,aquinas.hockey,available,59.99,59.99,medium,low,7,namesilo,,,19/09/2026 23:16
9445c9f6-6920-4ec7-a1ff-4643bfccf5d5,ashore.hockey,available,59.99,59.99,medium,low,6,namesilo,,,13/09/2026 22:07
9d9798bc-cdd6-4c21-8b36-2bca9209affb,suspected.hockey,available,59.99,59.99,medium,low,9,namesilo,,,11/09/2026 04:53
3c005980-a88e-41ce-856a-b3be935edebe,medial.hockey,available,14.99,77.99,high,low,6,name.com,,,24/08/2026 18:51
47cc6c7c-5993-498d-82af-9d60bc8d9de8,loop.hockey,available,,,high,high,4,,,,
e3e93259-260e-45a8-9bc7-da760e0f8e24,lethargic.hockey,available,14.99,77.99,medium,low,9,name.com,,,23/08/2026 00:27
2b31641b-8a87-4661-b332-104e59336f3b,enatic.hockey,available,14.99,77.99,medium,low,6,name.com,,,16/08/2026 21:20
15d3a1d2-ef11-4f1a-9de6-4ee6e94f4250,atole.hockey,available,59.99,59.99,medium,low,5,namesilo,,,20/09/2026 21:52
4bccf485-0eab-4444-b726-7c878a125bbf,proven.hockey,available,14.99,,high,low,6,name.com,,,
76fa0508-edb6-4937-99c9-032026fff868,soda.hockey,available,59.99,59.99,high,low,4,namesilo,,,25/09/2026 10:32
a3ba015f-799a-4db0-8a62-422cd2426904,starvation.hockey,available,62.98,72.98,medium,low,10,namecheap,,,10/09/2026 19:06
014aebc9-d233-4eae-a757-9e5c12a75da7,tune.hockey,available,14.99,,high,low,4,name.com,,,
b7aedaeb-5e27-4373-8088-2bf4d8836386,invoice.hockey,available,62.98,72.98,high,low,8,namecheap,,,24/09/2026 05:24
111e27ea-e335-4ac0-bde3-7e6593a503f8,resinated.hockey,available,14.99,77.99,medium,low,9,name.com,,,09/09/2026 15:09
ef040ee4-478d-4e15-85c2-98b296b22506,bombast.hockey,available,59.99,59.99,medium,low,7,namesilo,,,24/09/2026 03:35
86e0734b-08f0-4ebf-a6aa-792c6ff3496b,observing.hockey,available,59.99,59.99,high,low,9,namesilo,,,04/09/2026 00:01
9e6da8aa-9bfa-4d07-b6ed-d22c92cfda2d,press.hockey,available,59.99,59.99,high,low,5,namesilo,,,25/09/2026 11:18
93089b3a-cbb8-4529-b077-58240fac9e70,baseborn.hockey,available,14.99,77.99,low,low,8,name.com,,,08/08/2026 21:34
5fecd971-8efe-4e35-acc6-42032b4d88b6,fable.hockey,available,14.99,77.99,high,low,5,name.com,,,18/09/2026 10:35
9962d47d-6f7b-430e-a6c2-2b9bb906d711,amended.hockey,available,14.99,77.99,high,low,7,name.com,,,
123d0475-d73f-4ab5-a4ae-d7fed4a3c18f,amuse.hockey,available,14.99,,high,low,5,name.com,,,
18d93b24-5686-4cd7-b896-98827a6d2e98,barramundi.hockey,available,59.99,59.99,medium,low,10,namesilo,,,20/09/2026 14:04
e411c63b-cd5f-4e64-821e-77c1272ad227,confident.hockey,available,14.99,77.99,high,low,9,name.com,,,23/09/2026 19:37
b60fa36b-1090-4c2f-a0bc-b68ab0314c03,brickle.hockey,available,14.99,77.99,medium,low,7,name.com,,,11/08/2026 03:49
fa2c1a42-1395-46df-8af8-3f8f52ddcfd4,choral.hockey,available,14.99,77.99,high,low,6,name.com,,,12/08/2026 07:03
04b4126c-ff95-4469-9fc0-41dd6d00b5a6,biblical.hockey,available,14.99,77.99,high,low,8,name.com,,,09/08/2026 18:53
078075e0-d422-46a6-b220-b61d9eb17210,ameba.hockey,available,62.98,72.98,medium,low,5,namecheap,,,18/09/2026 17:40
1c8cb2fd-0fbf-4a6b-a250-82e32c9e9848,skip.hockey,available,59.99,59.99,high,low,4,namesilo,,,25/09/2026 07:30
1b56e4ad-c6a6-465e-b465-513a42f6970b,brilliant.hockey,available,62.98,72.98,high,low,9,namecheap,,,23/09/2026 02:12
82cb26bc-4b76-4bef-88fb-81cf87462515,blooming.hockey,available,14.99,77.99,high,low,8,name.com,,,10/08/2026 15:27
1775f26f-1224-4045-a6d0-a5da23e88834,doom.hockey,available,59.99,59.99,high,low,4,namesilo,,,24/09/2026 23:34
2a0c65fc-78ce-40be-9190-b1414e100e0f,freeway.hockey,available,14.99,,high,low,7,name.com,,,
920b31dd-28c2-4df4-84f0-83ca35b8a50a,manila.hockey,available,14.99,,high,low,6,name.com,,,
3942416a-bdf1-4a04-a1b9-ae13f5b87e29,millions.hockey,available,62.98,72.98,medium,low,8,namecheap,,,25/09/2026 20:31
5b35e477-1790-48c6-880a-713b5dc4319b,ghanaian.hockey,available,14.99,77.99,high,low,8,name.com,,,18/08/2026 23:10
7887c332-421c-48c3-9393-a983c4bd9823,waxen.hockey,available,59.99,59.99,medium,low,5,namesilo,,,13/09/2026 08:42
d18bea58-a967-42f2-aded-3fc0809df8e8,gaps.hockey,available,59.99,59.99,medium,low,4,namesilo,,,20/09/2026 11:47
d23128c8-f424-4ecb-ab9c-244fe7f16005,affaire.hockey,available,59.99,59.99,medium,low,7,namesilo,,,17/09/2026 14:00
6fca8c20-4184-4f6d-a028-24c30be8e307,spookily.hockey,available,59.99,59.99,medium,low,8,namesilo,,,14/09/2026 15:07
bdcddd4e-235b-43de-8c71-054e57d9cbc0,inertial.hockey,available,14.99,77.99,medium,low,8,name.com,,,22/08/2026 03:59
c5d6b8e6-e7f5-4235-b0c8-3d84bb76c816,superman.hockey,available,14.99,,high,low,8,name.com,,,
2a406332-b032-4557-8eb3-10848c979d45,blackwash.hockey,available,59.99,59.99,medium,low,9,namesilo,,,20/09/2026 15:47
8e7d28e7-9f4d-4e51-84da-9c5aae4be356,henceforth.hockey,available,59.99,59.99,medium,low,10,namesilo,,,15/09/2026 00:15
76b97940-693b-4149-98cc-22d865683fbe,flight.hockey,available,62.98,72.98,high,low,6,namecheap,,,24/09/2026 20:44
7700a9fb-33c2-43fa-b683-3e4950b0f39e,ammonite.hockey,available,59.99,59.99,high,low,8,namesilo,,,18/09/2026 22:08
d55d1c68-ffeb-4a67-9842-a507af2e5697,bmus.hockey,available,59.99,59.99,medium,low,4,namesilo,,,21/09/2026 14:14
1625d86a-5052-4a8b-8b2f-3ea947388a92,willingness.hockey,available,14.99,,high,low,11,name.com,,,
af8e1836-b12f-4048-88c7-40225af50059,spousal.hockey,available,14.99,77.99,high,low,7,name.com,,,11/08/2026 03:56
dadfb9a2-77db-498d-9a4d-be83c62f95bf,ailurus.hockey,available,62.98,72.98,medium,low,7,namecheap,,,17/09/2026 21:19
7f33b737-995c-440a-8bf8-05cf8d72de11,english.hockey,available,59.99,59.99,high,low,7,namesilo,,,24/09/2026 14:01
123fcfaa-4e4d-47ee-a226-085c1436d3e0,asthenia.hockey,available,59.99,59.99,medium,low,8,namesilo,,,20/09/2026 17:17
8110b95f-eaca-40fe-8ab7-02de808ec130,lunt.hockey,available,59.99,59.99,medium,low,4,namesilo,,,18/09/2026 06:40
2dff900b-7655-4c1a-a460-815d38ab0ee8,railways.hockey,available,59.99,59.99,high,low,8,namesilo,,,18/09/2026 22:58
b901ce5d-e177-4496-bd24-7acde237cf14,twinkling.hockey,available,14.99,77.99,high,low,9,name.com,,,22/08/2026 07:34
64511806-5455-4727-9dd7-c6b85e5c1d03,trusting.hockey,available,59.99,59.99,high,low,8,namesilo,,,11/09/2026 20:47
5d016763-e2dd-4bf1-8751-0a6374fc5f34,cretaceous.hockey,available,14.99,77.99,high,low,10,name.com,,,13/08/2026 06:22
49861783-d945-4625-9e91-5484c9a98fbf,kissing.hockey,available,59.99,59.99,high,low,7,namesilo,,,24/09/2026 12:56
474d87e7-aa93-432f-93de-4b668834ea28,hedge.hockey,available,14.99,,high,low,5,name.com,,,
84c7ff1a-d2a2-41fe-a747-0a44387a93b5,anybody.hockey,available,14.99,,medium,low,7,name.com,,,
f3b4dea3-9b71-4d8e-85be-e47464b8a89a,confined.hockey,available,14.99,77.99,medium,low,8,name.com,,,11/08/2026 18:20
35ad1b39-591a-41e5-a8c7-3bcd54ddcd9a,woodsy.hockey,available,14.99,77.99,high,low,6,name.com,,,06/08/2026 13:04
9c340495-45a5-4773-8448-a8ce7e34bbc3,racist.hockey,available,14.99,77.99,medium,low,6,name.com,,,
8b975822-6493-48b2-9099-2b8e72d02070,solved.hockey,available,59.99,59.99,high,low,6,namesilo,,,10/09/2026 13:46
89e0663e-fc7a-418f-b8dd-a8b9c9087351,customer.hockey,available,14.99,,high,low,8,name.com,,,
c3bccbdf-281e-4923-8686-6d04d20aec7c,dataflow.hockey,available,59.99,59.99,high,low,9,namesilo,,,04/09/2026 04:48
eebad8fa-c80b-4028-8822-8578be80f828,childcare.hockey,available,59.99,59.99,high,low,10,namesilo,,,24/09/2026 14:36
a1026e2c-5361-4047-846e-d69ed3bf60b6,tamely.hockey,available,62.98,72.98,medium,low,6,namecheap,,,16/09/2026 07:53
e33ce504-889e-4c4f-b8c2-825b248363d9,asl.hockey,available,62.98,72.98,high,low,3,namecheap,,,18/09/2026 20:39
18eb28dd-8130-44ac-83c3-9d414b57c484,messy.hockey,available,62.98,72.98,high,low,5,namecheap,,,25/09/2026 19:49
221d2c14-a89a-446d-ae43-ab5da1a9c9af,orchestra.hockey,available,14.99,,high,low,9,name.com,,,
92c4d742-9fb0-4f37-bad6-3aa00ccd5e36,revocation.hockey,available,62.98,72.98,medium,low,10,namecheap,,,19/09/2026 11:02
8b524860-5f9f-4b58-a8f0-b6d591f6a2a6,solution.hockey,available,14.99,,high,low,8,name.com,,,
d4c2999f-f9b4-4c62-ae8c-b5752f4d594a,card.hockey,available,14.99,,high,medium,4,name.com,,,
cca8e8ef-e85c-45f9-b784-ac1866ca2c33,louche.hockey,available,14.99,77.99,medium,low,6,name.com,,,24/08/2026 10:02
0a0965fc-36f4-4fda-85fd-836ed1be894b,diluvian.hockey,available,14.99,77.99,medium,low,8,name.com,,,14/08/2026 07:51
0e759f57-96ff-4041-bf02-2cde445ffddf,chattel.hockey,available,14.99,77.99,medium,low,7,name.com,,,25/08/2026 09:00
bf9c882d-b182-4875-82c6-608c9299221b,brainless.hockey,available,14.99,77.99,medium,low,9,name.com,,,11/08/2026 01:41
aff54c39-233b-4099-b27b-4a86c3a35071,ethnical.hockey,available,14.99,77.99,high,low,8,name.com,,,17/08/2026 13:49
1a07200f-9fa8-4c44-902a-f3bdf37d7a9f,headteacher.hockey,available,14.99,,high,low,12,name.com,,,
05bf9e73-84d6-4664-9a16-6492c18de0f1,sapient.hockey,available,62.98,72.98,high,low,7,namecheap,,,08/09/2026 18:03
a4757f8e-0c08-4af7-906d-5590f83321e5,ancylus.hockey,available,59.99,59.99,medium,low,7,namesilo,,,19/09/2026 03:54
bbfbc457-fc2a-4d5c-9730-ae5aa3b6d688,civilly.hockey,available,59.99,59.99,medium,low,7,namesilo,,,14/09/2026 06:57
293ab127-5101-409e-a2b5-2333d68ba7a2,seed.hockey,available,14.99,,high,low,4,name.com,,,
26b2b89a-e4b6-49e6-a9c4-f6c2725244b3,unbroken.hockey,available,14.99,77.99,high,low,8,name.com,,,22/08/2026 15:36
5fb7daaf-39b1-4d5c-a672-7d72ae72f349,starlike.hockey,available,62.98,72.98,medium,low,8,namecheap,,,10/09/2026 18:54
4bedf407-b086-407c-b680-bca547b8ddf9,hackmatack.hockey,available,59.99,59.99,medium,low,10,namesilo,,,22/09/2026 00:09
9306448e-f785-4001-a00c-8fba78554609,gory.hockey,available,14.99,77.99,medium,low,4,name.com,,,10/08/2026 15:23
7cd7b13a-18e8-4a33-8f0b-ef9de040332c,conserve.hockey,available,59.99,59.99,high,low,8,namesilo,,,24/09/2026 17:27
83687e76-dc69-458d-8bbd-ef001d935812,seventies.hockey,available,59.99,59.99,high,low,9,namesilo,,,16/09/2026 12:13
a854744d-9210-436d-a8a1-4fbc85484c71,akhenaton.hockey,available,59.99,59.99,high,low,9,namesilo,,,17/09/2026 23:57
83759e49-14a7-40cc-a1d2-6cd6ed3f51c9,reward.hockey,available,59.99,59.99,high,low,6,namesilo,,,25/09/2026 07:57
111bd987-2984-46ec-bf0d-8a012ec43002,berith.hockey,available,59.99,59.99,high,low,6,namesilo,,,23/09/2026 09:26
df4583f3-71ed-4ce7-9b8d-471152f6bdd6,sentiments.hockey,available,59.99,59.99,medium,low,10,namesilo,,,17/09/2026 07:39
cb109611-f10d-4cb8-90b0-e16fd570d93d,sunless.hockey,available,14.99,77.99,medium,low,7,name.com,,,12/08/2026 12:31
1bbabe92-bd82-4f89-8bd3-ebbbebf38a85,viennese.hockey,available,59.99,59.99,high,low,8,namesilo,,,13/09/2026 05:30
a363d1e0-0e90-45d0-98f1-c664c7150666,willie.hockey,available,14.99,77.99,high,low,6,name.com,,,25/09/2026 11:47
7aab33e1-2312-47f1-84c0-aa845bd63e72,vertex.hockey,available,62.98,72.98,high,low,6,namecheap,,,19/09/2026 16:44
ed8b26d7-f16a-47ba-9287-f0c439ff856f,godhead.hockey,available,14.99,77.99,medium,low,7,name.com,,,
a7d628e8-bd94-47a8-b79c-00fd7d1f2849,thundering.hockey,available,59.99,59.99,high,low,10,namesilo,,,11/09/2026 15:14
16b5f493-36d1-4959-ae85-f89bc0519c84,aldol.hockey,available,59.99,59.99,high,low,5,namesilo,,,18/09/2026 04:25
366dd6bc-592f-44bc-ac6d-72034389065e,epistemic.hockey,available,14.99,77.99,medium,low,9,name.com,,,17/08/2026 11:13
03f58332-10cf-4d77-8a12-697609f67899,identify.hockey,available,62.98,72.98,high,low,8,namecheap,,,25/09/2026 12:36
c8cc74e1-f166-4a0a-95ac-b07cd9ae38e6,additive.hockey,available,14.99,77.99,high,low,8,name.com,,,
79a082b5-ac40-4106-8733-9465f19daf56,hunchback.hockey,available,14.99,77.99,medium,low,9,name.com,,,13/08/2026 07:49
5bbe037b-ec66-459a-af75-446f2a2d0d64,pally.hockey,available,14.99,77.99,high,low,5,name.com,,,12/08/2026 07:42
a9380458-ad1b-4df5-9d11-4aa72bfe6092,bedewed.hockey,available,14.99,77.99,low,low,7,name.com,,,09/08/2026 06:46
934e4a3f-ee07-49af-a11c-9e6d2bac981f,election.hockey,available,14.99,,high,low,8,name.com,,,
7580378e-cdf2-4bdb-bdeb-5f18c3c92ade,weightless.hockey,available,59.99,59.99,high,low,10,namesilo,,,13/09/2026 10:09
f894a5e2-9bf3-43c6-9a5c-fa77995d96b5,lunch.hockey,available,14.99,,high,low,5,name.com,,,
329fbaf6-93db-4baa-8a56-675405516850,learn.hockey,available,14.99,,high,medium,5,name.com,,,
6aa7208b-ab98-43ce-93be-9830b698763e,era.hockey,available,14.99,,high,medium,3,name.com,,,
77f4dd7b-c856-4628-81db-0b73da978ceb,aggregated.hockey,available,14.99,77.99,high,low,10,name.com,,,
4c3296fc-7eb2-4d93-8213-a21d6ea9d381,enkindled.hockey,available,14.99,77.99,medium,low,9,name.com,,,17/08/2026 09:31
a5181b1d-267f-47bf-a0e1-b6c6fbf38704,proved.hockey,available,14.99,,high,low,6,name.com,,,
315fa81f-1027-4fb1-9943-94b70508914d,cultivator.hockey,available,14.99,77.99,high,low,10,name.com,,,17/09/2026 19:20
8aa33037-5610-4001-8f1d-2cbb0aed9e46,capitate.hockey,available,14.99,77.99,medium,low,8,name.com,,,11/08/2026 17:57
5862b3c3-991b-4fca-91ed-f994d7877f3c,tedious.hockey,available,59.99,59.99,medium,low,7,namesilo,,,23/09/2026 00:32
bed4d9b8-f8fb-4edd-a7b3-4d5c0f5d536f,offish.hockey,available,59.99,59.99,low,low,6,namesilo,,,04/09/2026 01:35
b90d6ef4-2ef3-4a56-8398-5e78e7618b05,elsass.hockey,available,59.99,59.99,medium,low,6,namesilo,,,18/09/2026 14:17
f5e041da-416d-4e3b-b065-2d2dff4f8774,zimbabwean.hockey,available,59.99,59.99,high,low,10,namesilo,,,13/09/2026 15:19
e1d8e060-e6d2-4efd-b44f-db081cdc7b88,antoine.hockey,available,59.99,59.99,high,low,7,namesilo,,,25/09/2026 14:52
1ca06887-9d7f-4b3d-839a-bb92840d85f9,chin.hockey,available,14.99,,high,low,4,name.com,,,
150de827-35d0-4619-82d3-971c38f0e210,designers.hockey,available,59.99,59.99,high,low,9,namesilo,,,19/09/2026 23:31
6d9a89df-d908-4068-bf6f-e1d9a19ac715,bicuspid.hockey,available,14.99,77.99,high,low,8,name.com,,,09/08/2026 19:44
7f58d431-557e-4df8-ac4e-c507e69de063,stood.hockey,available,14.99,,medium,low,5,name.com,,,
bb5967a4-b93a-4b63-84a1-d36b67e03e69,diddle.hockey,available,59.99,59.99,medium,low,6,namesilo,,,14/09/2026 07:58
e83648ba-b785-4a56-a3fe-b2a89e3d2be4,mine.hockey,available,59.99,59.99,high,low,4,namesilo,,,25/09/2026 09:26
8a5d2bc3-0ad3-4fe0-b139-73ed2e6da8f2,coffeehousing.hockey,available,62.98,72.98,medium,low,13,namecheap,,,20/09/2026 21:09
d194c3bc-5fa4-4dc3-b392-4cccc7005d09,unveiled.hockey,available,59.99,59.99,high,low,8,namesilo,,,12/09/2026 22:05
d93a069e-95db-4498-b50b-fc684b2da7be,zealously.hockey,available,59.99,59.99,medium,low,9,namesilo,,,16/09/2026 11:50
71a34d04-089f-41c2-a651-f07d55234141,bayes.hockey,available,62.98,72.98,high,low,5,namecheap,,,22/09/2026 18:03
1c0e41ff-fa7c-4589-b427-47927c0581c9,endure.hockey,available,14.99,77.99,high,low,6,name.com,,,11/08/2026 02:41
4379aa46-209e-4e4f-82bf-4711bbae446a,knocked.hockey,available,59.99,59.99,low,low,7,namesilo,,,25/09/2026 18:45
271d3711-c510-4d74-8de0-6e6f5222f9d2,biogeny.hockey,available,62.98,72.98,medium,low,7,namecheap,,,23/09/2026 18:05
69d4102e-0723-4dc8-a534-c23898647a24,navy.hockey,available,14.99,,high,low,4,name.com,,,
5072aca5-98c4-421e-b402-b2fca331aa92,comedian.hockey,available,59.99,59.99,high,low,8,namesilo,,,23/09/2026 15:26
7157f97d-eac4-4560-8bb0-a915781fa454,mode.hockey,available,14.99,,high,low,4,name.com,,,
be092c2a-1225-484e-ae63-eba70b169b8b,ankus.hockey,available,59.99,59.99,medium,low,5,namesilo,,,19/09/2026 09:49
8a1debd6-59c7-491d-a11a-74ef466b1097,slugs.hockey,available,59.99,59.99,medium,low,5,namesilo,,,20/09/2026 08:54
cee0627a-ec31-46d7-aca1-adf2fe6163ae,cheerful.hockey,available,14.99,77.99,high,low,8,name.com,,,12/08/2026 03:41
d8c8da99-91c2-43b4-8049-ef6d28f5369c,nebraska.hockey,available,14.99,,high,low,8,name.com,,,
e0ce3f0f-bcfb-4338-a102-1c25ebe473b1,jeep.hockey,available,,,high,medium,4,,,,
8e7baad3-f2ba-49d1-90e6-03546d3b916d,dicey.hockey,available,14.99,77.99,medium,low,5,name.com,,,12/08/2026 01:44
40000aec-4cba-40e1-a602-0dfaa717bdca,ayah.hockey,available,59.99,59.99,high,low,4,namesilo,,,21/09/2026 10:32
e3d99e55-7495-4bb7-be2d-f1b2a242c65e,diehards.hockey,available,59.99,59.99,medium,low,8,namesilo,,,20/09/2026 23:29
6d8f45cd-3e5d-41d2-bc67-1720058c283e,amnio.hockey,available,59.99,59.99,medium,low,5,namesilo,,,18/09/2026 22:23
f210a723-d5ea-4a41-8acc-a6945d492a54,cant.hockey,available,59.99,59.99,medium,low,4,namesilo,,,13/09/2026 04:09
89065477-67a8-42f0-8c81-2659bb4bdad7,keith.hockey,available,62.98,72.98,high,low,5,namecheap,,,17/09/2026 22:02
1270fc5b-6937-4906-95f1-b68154029b68,cottage.hockey,available,59.99,59.99,high,low,7,namesilo,,,24/09/2026 11:16
82e8d1fe-7fdf-44bc-bd27-25310286e639,venal.hockey,available,14.99,77.99,medium,low,5,name.com,,,11/08/2026 03:46
2f4c4927-bdad-482c-b68f-7a461b004db6,successes.hockey,available,14.99,,medium,low,9,name.com,,,
c4ce2a12-33f5-4838-91a7-6c9eb6d0026d,rail.hockey,available,14.99,,high,low,4,name.com,,,
a1cdef16-9d61-4a8c-add9-912b373b3d72,glad.hockey,available,62.98,72.98,high,low,4,namecheap,,,22/09/2026 18:28
ad31eb2d-d5b9-4188-8bdc-873b609dc5e2,these.hockey,available,14.99,,medium,low,5,name.com,,,
e9b56132-9fb0-419c-a7d2-cf05669e6c26,edacious.hockey,available,14.99,77.99,medium,low,8,name.com,,,15/08/2026 05:24
1763cf49-6eb9-4cbb-ab4a-21546daa03c1,bosses.hockey,available,59.99,59.99,high,low,6,namesilo,,,18/09/2026 05:55
43b615dc-ccd8-4702-ab8f-ed32b2ddbe20,beauteous.hockey,available,14.99,77.99,medium,low,9,name.com,,,09/08/2026 05:58
8b69ef84-9d3c-4335-8156-22de00684e52,clueless.hockey,available,14.99,77.99,medium,low,8,name.com,,,12/08/2026 13:05
3e3d8a85-062c-4c96-b663-6f16fc484c54,overleaf.hockey,available,59.99,59.99,medium,low,8,namesilo,,,15/09/2026 18:27
6e7734b2-5df3-4eab-a733-868435ba7a8f,blasphemer.hockey,available,59.99,59.99,medium,low,10,namesilo,,,24/09/2026 04:14
8c8515da-f8b4-4c12-a3c5-b8a75365b3f9,withdrawn.hockey,available,14.99,77.99,medium,low,9,name.com,,,22/08/2026 03:25
6ff504a8-39b8-49e7-b302-684f7898255a,bantu.hockey,available,14.99,77.99,medium,low,5,name.com,,,08/08/2026 14:50
5f8b2c1a-237a-499d-9a88-df5e2ded1258,beg.hockey,available,14.99,,high,low,3,name.com,,,
3c5d7c13-51ec-4283-afdf-1e4215272148,trifling.hockey,available,59.99,59.99,high,low,8,namesilo,,,05/09/2026 00:21
7a929e10-2f6d-4b01-b6d5-4b82a746366f,cleverness.hockey,available,59.99,59.99,high,low,10,namesilo,,,24/09/2026 15:36
9de6b0c5-a5df-4bd2-a849-41c7a9375a99,moved.hockey,available,14.99,,high,low,5,name.com,,,
a8ec6753-1ecb-48e8-bc3d-9e8888cba33c,auspice.hockey,available,59.99,59.99,high,low,7,namesilo,,,21/09/2026 04:36
4b0f38a9-ef39-491b-9a6f-10382b9a091d,predatory.hockey,available,14.99,77.99,high,low,9,name.com,,,24/08/2026 15:43
a01be0ab-7ad9-4831-a861-c8d9a27212b3,calming.hockey,available,62.98,72.98,high,low,7,namecheap,,,19/09/2026 20:28
ed3056e8-d5d4-4625-a3df-5dd79c5eb741,palpitant.hockey,available,59.99,59.99,medium,low,9,namesilo,,,05/09/2026 00:17
de0d4077-44fd-4207-9eaf-d574e970e7f6,stagy.hockey,available,62.98,72.98,medium,low,5,namecheap,,,10/09/2026 18:04
2a147fd5-662f-4883-84b1-6982fc14b13c,divert.hockey,available,59.99,59.99,high,low,6,namesilo,,,24/09/2026 07:57
8856f618-f5c0-418f-afbf-70535ba6c33f,adjuster.hockey,available,59.99,59.99,high,low,8,namesilo,,,17/09/2026 08:32
3d7cd9bf-1aaa-4017-8ba5-bc985d4fd1ac,longways.hockey,available,14.99,77.99,medium,low,8,name.com,,,22/08/2026 23:44
e9be5b7c-4068-4f81-9c64-83c74f379406,apraxia.hockey,available,59.99,59.99,medium,low,7,namesilo,,,19/09/2026 22:29
bdf8abbd-134a-47d6-994d-1225a2d7e5d5,avidly.hockey,available,59.99,59.99,medium,low,6,namesilo,,,13/09/2026 22:53
0efffaf2-bf3e-4f07-94db-e6ee4b1253d5,abutment.hockey,available,62.98,72.98,high,low,8,namecheap,,,16/09/2026 19:33
308b5862-e629-4e12-9e33-357aa0dbd148,blemished.hockey,available,14.99,77.99,medium,low,9,name.com,,,10/08/2026 14:12
0e2bafd5-32b1-45e5-a262-081d842a5f61,raiding.hockey,available,14.99,77.99,high,low,7,name.com,,,24/08/2026 15:45
d6bab5be-714f-4894-a984-cfe10adeb1ef,portend.hockey,available,59.99,59.99,medium,low,7,namesilo,,,21/09/2026 03:29
68203e66-e1f7-422c-a1b4-b7fe7d4ace34,auspicious.hockey,available,59.99,59.99,high,low,10,namesilo,,,22/09/2026 13:12
793cbd0d-8903-42de-9774-1f8164f1a8cc,tactual.hockey,available,14.99,77.99,medium,low,7,name.com,,,21/08/2026 00:04
7d90d076-8a4d-4a51-87d7-77ad7e98fe54,untouched.hockey,available,59.99,59.99,high,low,9,namesilo,,,12/09/2026 13:20
61097dea-9a15-4b51-a9a2-f763409aa753,husky.hockey,available,,,high,medium,5,,,,
b99dc0c9-a2e1-4e26-a790-bed1c94bf7ee,annoying.hockey,available,59.99,59.99,high,low,8,namesilo,,,22/09/2026 05:19
05a02d59-d60a-4017-925b-471a5192e094,xavier.hockey,available,59.99,59.99,high,low,6,namesilo,,,25/09/2026 10:30
f2582878-7057-4825-96f0-df68d55f6d9a,grew.hockey,available,14.99,,high,low,4,name.com,,,
85bbd4e1-3d82-4d37-894f-62e77a0267a5,consenting.hockey,available,14.99,77.99,high,low,10,name.com,,,12/08/2026 22:35
e616763a-fbe1-4960-98f8-bf1ab43c7a2c,sporty.hockey,available,59.99,59.99,high,low,6,namesilo,,,10/09/2026 16:35
92433654-f004-4221-9e22-0001b23292cf,devil.hockey,available,59.99,59.99,high,low,5,namesilo,,,23/09/2026 01:20
c7edee7b-d385-466a-90f8-5eb430b72db4,brandy.hockey,available,59.99,59.99,high,low,6,namesilo,,,24/09/2026 08:12
278aba22-aba5-42e0-90f6-f51d8857b91d,banditry.hockey,available,59.99,59.99,medium,low,8,namesilo,,,22/09/2026 01:24
a6112c1a-42c8-42e2-b390-2090de4d34cf,cheat.hockey,available,14.99,77.99,high,low,5,name.com,,,12/08/2026 03:31
85ec6c15-9a53-4caf-9822-796891e06ca0,batna.hockey,available,59.99,59.99,medium,low,5,namesilo,,,22/09/2026 14:06
08aa5ec3-3efa-485e-9401-4b858b336ada,denude.hockey,available,14.99,77.99,medium,low,6,name.com,,,14/08/2026 02:02